concept_id,concept,evidence_tier,neighbor_source,neighbor_rank,neighbor_id,neighbor_concept,neighbor_subdomain,similarity_score,shared_axis,shared_symbolic_keywords,concept_only_visual_patterns,neighbor_only_visual_patterns,concept_grounding_rule,neighbor_grounding_rule,human_discrimination_rule,reviewer_id
PHC-055,Death (Plato),A_core_recommended,same_axis_retrieval,1,PHC-066,Being-toward-Death (Heidegger),Identity & Persistence,,time_mortality,,closing book;extinguished candle;flatlining ecg;sunset's last moment,candle burning low;countdown clock;sandglass running out;sunset afterglow,Treat the anchor as a culturally contingent cue and state the anchor-to-symbol rationale.,Treat the anchor as a culturally contingent cue and state the anchor-to-symbol rationale.,,
PHC-055,Death (Plato),A_core_recommended,same_axis_retrieval,2,PHC-080,Time (Aristotle),"Time, Space & Change",,time_mortality,,closing book;extinguished candle;flatlining ecg;sunset's last moment,calendar leaf turning;hourglass sand;pendulum swing;rushing river,Treat the anchor as a culturally contingent cue and state the anchor-to-symbol rationale.,Treat the anchor as a culturally contingent cue and state the anchor-to-symbol rationale.,,
PHC-055,Death (Plato),A_core_recommended,same_subdomain,3,PHC-056,Definition of Death (medical philosophy),Identity & Persistence,0.040,,,closing book;extinguished candle;flatlining ecg;sunset's last moment,boundary-stone;legal signing moment;legislative threshold;medical monitor zero,Treat the anchor as a culturally contingent cue and state the anchor-to-symbol rationale.,Treat the anchor as a culturally contingent cue and state the anchor-to-symbol rationale.,,
PHC-055,Death (Plato),A_core_recommended,same_subdomain,4,PHC-054,Animalism (theory of personal identity),Identity & Persistence,0.000,,,closing book;extinguished candle;flatlining ecg;sunset's last moment,a continuity record linking one human animal across time;bodily persistence contrasted with a change of memories or social identity;the same living organism tracked across changes of role or appearance,Treat the anchor as a culturally contingent cue and state the anchor-to-symbol rationale.,"Require corroborating text, provenance, sequence, or multiple independent visual anchors.",,
PHC-055,Death (Plato),A_core_recommended,same_subdomain,5,PHC-057,Diachronic Identity (Hume),Identity & Persistence,0.000,,,closing book;extinguished candle;flatlining ecg;sunset's last moment,city's continuity;family lineage;old tree's continuous growth;same river over time,Treat the anchor as a culturally contingent cue and state the anchor-to-symbol rationale.,"Require corroborating text, provenance, sequence, or multiple independent visual anchors.",,
PHC-055,Death (Plato),A_core_recommended,lexical_overlap,6,PHC-379,Suicide (Hume),Applied & Professional Ethics,0.368,,,closing book;sunset's last moment,falling curtain;last step at cliff,Treat the anchor as a culturally contingent cue and state the anchor-to-symbol rationale.,Treat the anchor as a culturally contingent cue and state the anchor-to-symbol rationale.,,
PHC-055,Death (Plato),A_core_recommended,lexical_overlap,7,PHC-383,Abortion Ethics (Thomson),Bioethics & Health Ethics,0.087,,,closing book;extinguished candle;flatlining ecg;sunset's last moment,blurred boundary;life on both scale-pans;pending verdict;unfolding embryo,Treat the anchor as a culturally contingent cue and state the anchor-to-symbol rationale.,Treat the anchor as a culturally contingent cue and state the anchor-to-symbol rationale.,,
PHC-066,Being-toward-Death (Heidegger),A_core_recommended,same_axis_retrieval,1,PHC-055,Death (Plato),Identity & Persistence,,time_mortality,,candle burning low;countdown clock;sandglass running out;sunset afterglow,closing book;extinguished candle;flatlining ecg;sunset's last moment,Treat the anchor as a culturally contingent cue and state the anchor-to-symbol rationale.,Treat the anchor as a culturally contingent cue and state the anchor-to-symbol rationale.,,
PHC-066,Being-toward-Death (Heidegger),A_core_recommended,same_axis_retrieval,2,PHC-080,Time (Aristotle),"Time, Space & Change",,time_mortality,,candle burning low;countdown clock;sandglass running out;sunset afterglow,calendar leaf turning;hourglass sand;pendulum swing;rushing river,Treat the anchor as a culturally contingent cue and state the anchor-to-symbol rationale.,Treat the anchor as a culturally contingent cue and state the anchor-to-symbol rationale.,,
PHC-066,Being-toward-Death (Heidegger),A_core_recommended,same_subdomain,3,PHC-054,Animalism (theory of personal identity),Identity & Persistence,0.000,,,candle burning low;countdown clock;sandglass running out;sunset afterglow,a continuity record linking one human animal across time;bodily persistence contrasted with a change of memories or social identity;the same living organism tracked across changes of role or appearance,Treat the anchor as a culturally contingent cue and state the anchor-to-symbol rationale.,"Require corroborating text, provenance, sequence, or multiple independent visual anchors.",,
PHC-066,Being-toward-Death (Heidegger),A_core_recommended,same_subdomain,4,PHC-056,Definition of Death (medical philosophy),Identity & Persistence,0.000,,,candle burning low;countdown clock;sandglass running out;sunset afterglow,boundary-stone;legal signing moment;legislative threshold;medical monitor zero,Treat the anchor as a culturally contingent cue and state the anchor-to-symbol rationale.,Treat the anchor as a culturally contingent cue and state the anchor-to-symbol rationale.,,
PHC-066,Being-toward-Death (Heidegger),A_core_recommended,same_subdomain,5,PHC-057,Diachronic Identity (Hume),Identity & Persistence,0.000,,,candle burning low;countdown clock;sandglass running out;sunset afterglow,city's continuity;family lineage;old tree's continuous growth;same river over time,Treat the anchor as a culturally contingent cue and state the anchor-to-symbol rationale.,"Require corroborating text, provenance, sequence, or multiple independent visual anchors.",,
PHC-066,Being-toward-Death (Heidegger),A_core_recommended,lexical_overlap,6,PHC-085,Temporality (Heidegger),"Time, Space & Change",0.083,,,candle burning low;countdown clock;sandglass running out;sunset afterglow,arrow in flight;burning candle;growing vine;unfolding scroll,Treat the anchor as a culturally contingent cue and state the anchor-to-symbol rationale.,Treat the anchor as a culturally contingent cue and state the anchor-to-symbol rationale.,,
PHC-066,Being-toward-Death (Heidegger),A_core_recommended,lexical_overlap,7,PHC-130,Care / Concern (Heidegger),"Mind, Self & Agency",0.074,,,candle burning low;countdown clock;sandglass running out;sunset afterglow,constantly checked clock;knitting yarn;scaffolding under construction;tight reins,Treat the anchor as a culturally contingent cue and state the anchor-to-symbol rationale.,Treat the anchor as a culturally contingent cue and state the anchor-to-symbol rationale.,,
PHC-080,Time (Aristotle),A_core_recommended,same_axis_retrieval,1,PHC-055,Death (Plato),Identity & Persistence,,time_mortality,,calendar leaf turning;hourglass sand;pendulum swing;rushing river,closing book;extinguished candle;flatlining ecg;sunset's last moment,Treat the anchor as a culturally contingent cue and state the anchor-to-symbol rationale.,Treat the anchor as a culturally contingent cue and state the anchor-to-symbol rationale.,,
PHC-080,Time (Aristotle),A_core_recommended,same_axis_retrieval,2,PHC-066,Being-toward-Death (Heidegger),Identity & Persistence,,time_mortality,,calendar leaf turning;hourglass sand;pendulum swing;rushing river,candle burning low;countdown clock;sandglass running out;sunset afterglow,Treat the anchor as a culturally contingent cue and state the anchor-to-symbol rationale.,Treat the anchor as a culturally contingent cue and state the anchor-to-symbol rationale.,,
PHC-080,Time (Aristotle),A_core_recommended,same_subdomain,3,PHC-088,"Becoming (Heraclitus, Bergson)","Time, Space & Change",0.087,,,calendar leaf turning;hourglass sand;pendulum swing;rushing river,changing flame;ever-flowing river;never-still clouds;spinning top,Treat the anchor as a culturally contingent cue and state the anchor-to-symbol rationale.,Treat the anchor as a culturally contingent cue and state the anchor-to-symbol rationale.,,
PHC-080,Time (Aristotle),A_core_recommended,same_subdomain,4,PHC-082,Event (Hegel),"Time, Space & Change",0.042,,,calendar leaf turning;hourglass sand;pendulum swing;rushing river,gear-shift jolt;glass shattering;lightning splitting the sky;volcanic eruption,Treat the anchor as a culturally contingent cue and state the anchor-to-symbol rationale.,Treat the anchor as a culturally contingent cue and state the anchor-to-symbol rationale.,,
PHC-080,Time (Aristotle),A_core_recommended,same_subdomain,5,PHC-091,Process (Whitehead),"Time, Space & Change",0.042,,,calendar leaf turning;hourglass sand;pendulum swing;rushing river,flowing water-sequence;melodic line;winding river-course;woven web,Treat the anchor as a culturally contingent cue and state the anchor-to-symbol rationale.,Treat the anchor as a culturally contingent cue and state the anchor-to-symbol rationale.,,
PHC-080,Time (Aristotle),A_core_recommended,lexical_overlap,6,PHC-268,Time-Consciousness (Husserl),Mind & Self-Knowledge,0.174,,flow,calendar leaf turning;pendulum swing;rushing river,flowing river;melody unfolding;sundial shadow;train window scenery,Treat the anchor as a culturally contingent cue and state the anchor-to-symbol rationale.,Treat the anchor as a culturally contingent cue and state the anchor-to-symbol rationale.,,
PHC-080,Time (Aristotle),A_core_recommended,lexical_overlap,7,PHC-148,Philosophical Infinity,Structure & Infinity,0.048,,,calendar leaf turning;hourglass sand;pendulum swing;rushing river,endless corridor;endless star-field;infinite fractal;perpetual pendulum,Treat the anchor as a culturally contingent cue and state the anchor-to-symbol rationale.,Treat the anchor as a culturally contingent cue and state the anchor-to-symbol rationale.,,
PHC-114,Free Will (Augustine),A_core_recommended,same_axis_retrieval,1,PHC-133,Agency,"Mind, Self & Agency",,choice_journey,,button self-pressed;freely moving brush;loosened reins;turning at crossroads,a control interface operated to produce an observable effect;a deliberate choice followed by a matching action;an agent visibly initiating rather than undergoing a movement,Treat the anchor as a culturally contingent cue and state the anchor-to-symbol rationale.,"Require corroborating text, provenance, sequence, or multiple independent visual anchors.",,
PHC-114,Free Will (Augustine),A_core_recommended,same_axis_retrieval,2,PHC-317,Autonomy in Moral and Political Philosophy,Normative & Virtue Ethics,,choice_journey,,button self-pressed;freely moving brush;loosened reins;turning at crossroads,a consent process showing options and refusal;a person choosing among accessible alternatives without visible coercion;an institution enabling independent participation,Treat the anchor as a culturally contingent cue and state the anchor-to-symbol rationale.,"Require corroborating text, provenance, sequence, or multiple independent visual anchors.",,
PHC-114,Free Will (Augustine),A_core_recommended,same_subdomain,3,PHC-131,Resolve (Heidegger),"Mind, Self & Agency",0.042,,,button self-pressed;freely moving brush;loosened reins;turning at crossroads,first step taken;footprints at crossroads;pen signing;switch thrown,Treat the anchor as a culturally contingent cue and state the anchor-to-symbol rationale.,Treat the anchor as a culturally contingent cue and state the anchor-to-symbol rationale.,,
PHC-114,Free Will (Augustine),A_core_recommended,same_subdomain,4,PHC-130,Care / Concern (Heidegger),"Mind, Self & Agency",0.040,,,button self-pressed;freely moving brush;loosened reins;turning at crossroads,constantly checked clock;knitting yarn;scaffolding under construction;tight reins,Treat the anchor as a culturally contingent cue and state the anchor-to-symbol rationale.,Treat the anchor as a culturally contingent cue and state the anchor-to-symbol rationale.,,
PHC-114,Free Will (Augustine),A_core_recommended,same_subdomain,5,PHC-107,Anomalous Monism (Davidson),"Mind, Self & Agency",0.000,,,button self-pressed;freely moving brush;loosened reins;turning at crossroads,clouds ever-changing;each heartbeat unique yet same rhythm;handwriting varied yet recognisable;unique snowflakes all melt,Treat the anchor as a culturally contingent cue and state the anchor-to-symbol rationale.,Treat the anchor as a culturally contingent cue and state the anchor-to-symbol rationale.,,
PHC-114,Free Will (Augustine),A_core_recommended,lexical_overlap,6,PHC-505,Neoliberalism,Political Economy & Critical Theory,0.091,,,button self-pressed;freely moving brush;turning at crossroads,dismantled barriers;opened market door;retreating state hand,Treat the anchor as a culturally contingent cue and state the anchor-to-symbol rationale.,"Require corroborating text, provenance, sequence, or multiple independent visual anchors.",,
PHC-114,Free Will (Augustine),A_core_recommended,lexical_overlap,7,PHC-098,Mental Causation (Davidson),Causation & Dependence,0.074,,,button self-pressed;freely moving brush;loosened reins;turning at crossroads,decision stepping out;emotion shaping expression;thought moving arm;will driving act,Treat the anchor as a culturally contingent cue and state the anchor-to-symbol rationale.,"Require corroborating text, provenance, sequence, or multiple independent visual anchors.",,
PHC-133,Agency,B_context_dependent,same_axis_retrieval,1,PHC-114,Free Will (Augustine),"Mind, Self & Agency",,choice_journey,,a control interface operated to produce an observable effect;a deliberate choice followed by a matching action;an agent visibly initiating rather than undergoing a movement,button self-pressed;freely moving brush;loosened reins;turning at crossroads,"Require corroborating text, provenance, sequence, or multiple independent visual anchors.",Treat the anchor as a culturally contingent cue and state the anchor-to-symbol rationale.,,
PHC-133,Agency,B_context_dependent,same_axis_retrieval,2,PHC-317,Autonomy in Moral and Political Philosophy,Normative & Virtue Ethics,,choice_journey,,a control interface operated to produce an observable effect;a deliberate choice followed by a matching action;an agent visibly initiating rather than undergoing a movement,a consent process showing options and refusal;a person choosing among accessible alternatives without visible coercion;an institution enabling independent participation,"Require corroborating text, provenance, sequence, or multiple independent visual anchors.","Require corroborating text, provenance, sequence, or multiple independent visual anchors.",,
PHC-133,Agency,B_context_dependent,same_subdomain,3,PHC-112,Epiphenomenalism (Huxley),"Mind, Self & Agency",0.029,,,a control interface operated to produce an observable effect;a deliberate choice followed by a matching action;an agent visibly initiating rather than undergoing a movement,machine-noise;ripples accompanying stone-drop;shadow following body without pushing;steam accompanying train,"Require corroborating text, provenance, sequence, or multiple independent visual anchors.",Treat the anchor as a culturally contingent cue and state the anchor-to-symbol rationale.,,
PHC-133,Agency,B_context_dependent,same_subdomain,4,PHC-131,Resolve (Heidegger),"Mind, Self & Agency",0.029,,,a control interface operated to produce an observable effect;a deliberate choice followed by a matching action;an agent visibly initiating rather than undergoing a movement,first step taken;footprints at crossroads;pen signing;switch thrown,"Require corroborating text, provenance, sequence, or multiple independent visual anchors.",Treat the anchor as a culturally contingent cue and state the anchor-to-symbol rationale.,,
PHC-133,Agency,B_context_dependent,same_subdomain,5,PHC-123,Action (Aristotle),"Mind, Self & Agency",0.029,,,a control interface operated to produce an observable effect;a deliberate choice followed by a matching action;an agent visibly initiating rather than undergoing a movement,drawing a bow;reaching for an object;stepping forward;striking a nail,"Require corroborating text, provenance, sequence, or multiple independent visual anchors.",Treat the anchor as a culturally contingent cue and state the anchor-to-symbol rationale.,,
PHC-133,Agency,B_context_dependent,lexical_overlap,6,PHC-265,Empathy and Mirror-Neuron Hypotheses,Mind & Self-Knowledge,0.068,,,a control interface operated to produce an observable effect;a deliberate choice followed by a matching action;an agent visibly initiating rather than undergoing a movement,a captioned experiment rather than an unaided social scene;a study diagram linking observed actions to measured neural responses;controlled conditions comparing action observation and execution,"Require corroborating text, provenance, sequence, or multiple independent visual anchors.","Do not assign from a single image without decisive text, provenance, or task context.",,
PHC-133,Agency,B_context_dependent,lexical_overlap,7,PHC-350,Practical Reason (Aristotle),Metaethics,0.062,,,a control interface operated to produce an observable effect;a deliberate choice followed by a matching action;an agent visibly initiating rather than undergoing a movement,decision-tree branches;deliberate signature;route-planning map;scale weighing pros/cons,"Require corroborating text, provenance, sequence, or multiple independent visual anchors.","Require corroborating text, provenance, sequence, or multiple independent visual anchors.",,
PHC-134,Social Ontology,B_context_dependent,same_axis_retrieval,1,PHC-136,Collective Intentionality,Social Ontology,,social_existence,,commonly signed contract;group-voting outcome;shared trust in currency;social convention,interdependent roles directed at a shared result;several people following one plan;synchronized action with a common target,"Require corroborating text, provenance, sequence, or multiple independent visual anchors.","Require corroborating text, provenance, sequence, or multiple independent visual anchors.",,
PHC-134,Social Ontology,B_context_dependent,same_axis_retrieval,2,PHC-440,Recognition (Hegel),"Justice, Rights & Equality",,social_existence,,commonly signed contract;group-voting outcome;shared trust in currency;social convention,eye-contact during handshake;mirror confirmation;mutual gaze;nod of acknowledgment,"Require corroborating text, provenance, sequence, or multiple independent visual anchors.",Treat the anchor as a culturally contingent cue and state the anchor-to-symbol rationale.,,
PHC-134,Social Ontology,B_context_dependent,same_subdomain,3,PHC-135,Shared Agency,Social Ontology,0.054,,,commonly signed contract;group-voting outcome;shared trust in currency;social convention,complementary roles following a shared plan;mutual adjustment toward one outcome;two people coordinating a lift that neither can complete alone,"Require corroborating text, provenance, sequence, or multiple independent visual anchors.","Require corroborating text, provenance, sequence, or multiple independent visual anchors.",,
PHC-134,Social Ontology,B_context_dependent,same_subdomain,4,PHC-137,Social Institutions,Social Ontology,0.000,,,commonly signed contract;group-voting outcome;shared trust in currency;social convention,a courtroom with differentiated roles and procedures;a school organized by recurring roles and rules;an institution reproduced through patterned interactions,"Require corroborating text, provenance, sequence, or multiple independent visual anchors.","Require corroborating text, provenance, sequence, or multiple independent visual anchors.",,
PHC-134,Social Ontology,B_context_dependent,lexical_overlap,5,PHC-410,Common Good (Aristotle),Political Philosophy & Authority,0.083,,,commonly signed contract;group-voting outcome;shared trust in currency;social convention,co-cultivated field;common water-source;jointly built roof;shared granary,"Require corroborating text, provenance, sequence, or multiple independent visual anchors.",Treat the anchor as a culturally contingent cue and state the anchor-to-symbol rationale.,,
PHC-134,Social Ontology,B_context_dependent,lexical_overlap,6,PHC-424,Political Obligation (Socrates),Political Philosophy & Authority,0.083,,,commonly signed contract;group-voting outcome;shared trust in currency;social convention,commonly observed rules;handshake commitment;signed oath;tied knot,"Require corroborating text, provenance, sequence, or multiple independent visual anchors.","Require corroborating text, provenance, sequence, or multiple independent visual anchors.",,
PHC-136,Collective Intentionality,B_context_dependent,same_axis_retrieval,1,PHC-134,Social Ontology,Social Ontology,,social_existence,,interdependent roles directed at a shared result;several people following one plan;synchronized action with a common target,commonly signed contract;group-voting outcome;shared trust in currency;social convention,"Require corroborating text, provenance, sequence, or multiple independent visual anchors.","Require corroborating text, provenance, sequence, or multiple independent visual anchors.",,
PHC-136,Collective Intentionality,B_context_dependent,same_axis_retrieval,2,PHC-440,Recognition (Hegel),"Justice, Rights & Equality",,social_existence,,interdependent roles directed at a shared result;several people following one plan;synchronized action with a common target,eye-contact during handshake;mirror confirmation;mutual gaze;nod of acknowledgment,"Require corroborating text, provenance, sequence, or multiple independent visual anchors.",Treat the anchor as a culturally contingent cue and state the anchor-to-symbol rationale.,,
PHC-136,Collective Intentionality,B_context_dependent,same_subdomain,3,PHC-135,Shared Agency,Social Ontology,0.194,,,interdependent roles directed at a shared result;several people following one plan;synchronized action with a common target,complementary roles following a shared plan;mutual adjustment toward one outcome;two people coordinating a lift that neither can complete alone,"Require corroborating text, provenance, sequence, or multiple independent visual anchors.","Require corroborating text, provenance, sequence, or multiple independent visual anchors.",,
PHC-136,Collective Intentionality,B_context_dependent,same_subdomain,4,PHC-137,Social Institutions,Social Ontology,0.029,,,interdependent roles directed at a shared result;several people following one plan;synchronized action with a common target,a courtroom with differentiated roles and procedures;a school organized by recurring roles and rules;an institution reproduced through patterned interactions,"Require corroborating text, provenance, sequence, or multiple independent visual anchors.","Require corroborating text, provenance, sequence, or multiple independent visual anchors.",,
PHC-136,Collective Intentionality,B_context_dependent,lexical_overlap,5,PHC-382,Collective Responsibility,Applied & Professional Ethics,0.091,,,interdependent roles directed at a shared result;several people following one plan;synchronized action with a common target,a group jointly signing a decision;an organizational chain visibly linked to a harmful outcome;team roles assigned in a shared plan,"Require corroborating text, provenance, sequence, or multiple independent visual anchors.","Require corroborating text, provenance, sequence, or multiple independent visual anchors.",,
PHC-136,Collective Intentionality,B_context_dependent,lexical_overlap,6,PHC-410,Common Good (Aristotle),Political Philosophy & Authority,0.071,,,interdependent roles directed at a shared result;several people following one plan;synchronized action with a common target,co-cultivated field;common water-source;jointly built roof;shared granary,"Require corroborating text, provenance, sequence, or multiple independent visual anchors.",Treat the anchor as a culturally contingent cue and state the anchor-to-symbol rationale.,,
PHC-192,"Truth (James, Dewey)",A_core_recommended,same_axis_retrieval,1,PHC-161,"Knowledge (Plato, Aristotle)",Knowledge & Truth,,knowledge_truth,,beams converging on one point;opinions converging to consensus;paths meeting at summit;signs pointing to same city;tributaries to same sea,anatomy chart with scalpel;blueprint beside trowel;design with finished work;score with instrument;theory book next to lab bench,Treat the anchor as a culturally contingent cue and state the anchor-to-symbol rationale.,"Require corroborating text, provenance, sequence, or multiple independent visual anchors.",,
PHC-192,"Truth (James, Dewey)",A_core_recommended,same_axis_retrieval,2,PHC-203,Evidence,Justification & Evidence,,knowledge_truth,,beams converging on one point;opinions converging to consensus;paths meeting at summit;signs pointing to same city;tributaries to same sea,a measurement changing a stated conclusion;an observation or record explicitly linked to a claim;competing evidence arranged for comparison,Treat the anchor as a culturally contingent cue and state the anchor-to-symbol rationale.,"Require corroborating text, provenance, sequence, or multiple independent visual anchors.",,
PHC-192,"Truth (James, Dewey)",A_core_recommended,same_subdomain,3,PHC-164,Absolute Knowledge (Hegel),Knowledge & Truth,0.030,,,beams converging on one point;opinions converging to consensus;paths meeting at summit;signs pointing to same city;tributaries to same sea,aerial city view;circle closing;final puzzle piece;ouroboros;sphere complete from any angle,Treat the anchor as a culturally contingent cue and state the anchor-to-symbol rationale.,"Do not assign from a single image without decisive text, provenance, or task context.",,
PHC-192,"Truth (James, Dewey)",A_core_recommended,same_subdomain,4,PHC-177,"Intention (Aquinas, Duns Scotus)",Knowledge & Truth,0.029,,,beams converging on one point;opinions converging to consensus;paths meeting at summit;signs pointing to same city;tributaries to same sea,arrow on bowstring aimed;gaze fixed on one in crowd;searchlight sweeping;telescope on star;viewfinder framing target,Treat the anchor as a culturally contingent cue and state the anchor-to-symbol rationale.,"Require corroborating text, provenance, sequence, or multiple independent visual anchors.",,
PHC-192,"Truth (James, Dewey)",A_core_recommended,same_subdomain,5,PHC-174,Divine Illumination (Augustine),Knowledge & Truth,0.028,,,beams converging on one point;opinions converging to consensus;paths meeting at summit;signs pointing to same city;tributaries to same sea,dawn on mountain peak;flashlight sweeping cave;light switched on in dark room;lighthouse through sea mist;stage spotlight,Treat the anchor as a culturally contingent cue and state the anchor-to-symbol rationale.,Treat the anchor as a culturally contingent cue and state the anchor-to-symbol rationale.,,
PHC-192,"Truth (James, Dewey)",A_core_recommended,lexical_overlap,6,PHC-429,General Will (Rousseau),Political Philosophy & Authority,0.100,,,beams converging on one point;opinions converging to consensus;paths meeting at summit;signs pointing to same city;tributaries to same sea,arrows pointing one way;chorus in unison;converging stream;stone pushed by all,Treat the anchor as a culturally contingent cue and state the anchor-to-symbol rationale.,"Require corroborating text, provenance, sequence, or multiple independent visual anchors.",,
PHC-192,"Truth (James, Dewey)",A_core_recommended,lexical_overlap,7,PHC-273,Sense (Frege),"Language, Meaning & Representation",0.088,,,beams converging on one point;opinions converging to consensus;paths meeting at summit;signs pointing to same city;tributaries to same sea,"""morning star"" vs ""evening star"" different senses;ancient vs modern city names;same person's pen names;two nicknames for one person",Treat the anchor as a culturally contingent cue and state the anchor-to-symbol rationale.,Treat the anchor as a culturally contingent cue and state the anchor-to-symbol rationale.,,
PHC-203,Evidence,B_context_dependent,same_axis_retrieval,1,PHC-161,"Knowledge (Plato, Aristotle)",Knowledge & Truth,,knowledge_truth,,a measurement changing a stated conclusion;an observation or record explicitly linked to a claim;competing evidence arranged for comparison,anatomy chart with scalpel;blueprint beside trowel;design with finished work;score with instrument;theory book next to lab bench,"Require corroborating text, provenance, sequence, or multiple independent visual anchors.","Require corroborating text, provenance, sequence, or multiple independent visual anchors.",,
PHC-203,Evidence,B_context_dependent,same_axis_retrieval,2,PHC-192,"Truth (James, Dewey)",Knowledge & Truth,,knowledge_truth,,a measurement changing a stated conclusion;an observation or record explicitly linked to a claim;competing evidence arranged for comparison,beams converging on one point;opinions converging to consensus;paths meeting at summit;signs pointing to same city;tributaries to same sea,"Require corroborating text, provenance, sequence, or multiple independent visual anchors.",Treat the anchor as a culturally contingent cue and state the anchor-to-symbol rationale.,,
PHC-203,Evidence,B_context_dependent,same_subdomain,3,PHC-205,Higher-Order Evidence,Justification & Evidence,0.059,,,a measurement changing a stated conclusion;an observation or record explicitly linked to a claim;competing evidence arranged for comparison,a calibration result about an instrument;a reliability warning attached to an earlier conclusion;two equally informed observers disagreeing,"Require corroborating text, provenance, sequence, or multiple independent visual anchors.","Require corroborating text, provenance, sequence, or multiple independent visual anchors.",,
PHC-203,Evidence,B_context_dependent,same_subdomain,4,PHC-199,Justification (Goldman),Justification & Evidence,0.030,,,a measurement changing a stated conclusion;an observation or record explicitly linked to a claim;competing evidence arranged for comparison,diagonal brace;experimental data logs;lawyer presenting evidence;scaffolding layers;supporting pillars,"Require corroborating text, provenance, sequence, or multiple independent visual anchors.","Require corroborating text, provenance, sequence, or multiple independent visual anchors.",,
PHC-203,Evidence,B_context_dependent,same_subdomain,5,PHC-193,Analysis of Knowledge (traditional tripartite),Justification & Evidence,0.000,,,a measurement changing a stated conclusion;an observation or record explicitly linked to a claim;competing evidence arranged for comparison,composition table;ingredient list;labelled specimens on dissection table;parts list;recipe components,"Require corroborating text, provenance, sequence, or multiple independent visual anchors.","Require corroborating text, provenance, sequence, or multiple independent visual anchors.",,
PHC-203,Evidence,B_context_dependent,lexical_overlap,6,PHC-221,Argument and Argumentation,"Inference, Logic & Argumentation",0.125,,,a measurement changing a stated conclusion;an observation or record explicitly linked to a claim;competing evidence arranged for comparison,a debate with claims and reasons visible in text;opposing reasons arranged around a disputed claim;premise boxes linked to a conclusion,"Require corroborating text, provenance, sequence, or multiple independent visual anchors.","Require corroborating text, provenance, sequence, or multiple independent visual anchors.",,
PHC-203,Evidence,B_context_dependent,lexical_overlap,7,PHC-036,Truth-makers (Armstrong),"Objects, Properties & Categories",0.100,,,a measurement changing a stated conclusion;an observation or record explicitly linked to a claim;competing evidence arranged for comparison,key material evidence;scale-weights;scene behind photo;signature-owner,"Require corroborating text, provenance, sequence, or multiple independent visual anchors.",Treat the anchor as a culturally contingent cue and state the anchor-to-symbol rationale.,,
PHC-315,Duty (Kant),B_context_dependent,same_axis_retrieval,1,PHC-345,Moral Responsibility (Aristotle),Metaethics,,ethics_responsibility,,inner compass-like guide;law inscribed on stone tablet;rope of responsibility tied to wrist;unbreakable signpost,hand on steering wheel;shoulder bearing consequence;signature left;signed statement of responsibility,"Require corroborating text, provenance, sequence, or multiple independent visual anchors.","Require corroborating text, provenance, sequence, or multiple independent visual anchors.",,
PHC-315,Duty (Kant),B_context_dependent,same_axis_retrieval,2,PHC-382,Collective Responsibility,Applied & Professional Ethics,,ethics_responsibility,,inner compass-like guide;law inscribed on stone tablet;rope of responsibility tied to wrist;unbreakable signpost,a group jointly signing a decision;an organizational chain visibly linked to a harmful outcome;team roles assigned in a shared plan,"Require corroborating text, provenance, sequence, or multiple independent visual anchors.","Require corroborating text, provenance, sequence, or multiple independent visual anchors.",,
PHC-315,Duty (Kant),B_context_dependent,same_subdomain,3,PHC-305,Eternal Law (Augustine),Normative & Virtue Ethics,0.069,,,inner compass-like guide;law inscribed on stone tablet;rope of responsibility tied to wrist;unbreakable signpost,heavenly law covering all;inextinguishable divine light;stone tablets through ages;universe-gears,"Require corroborating text, provenance, sequence, or multiple independent visual anchors.","Require corroborating text, provenance, sequence, or multiple independent visual anchors.",,
PHC-315,Duty (Kant),B_context_dependent,same_subdomain,4,PHC-319,Natural Law (Aquinas),Normative & Virtue Ethics,0.067,,,inner compass-like guide;law inscribed on stone tablet;rope of responsibility tied to wrist;unbreakable signpost,command flowing into rivers;law engraved in stars;order permeating all;plumb-line running through,"Require corroborating text, provenance, sequence, or multiple independent visual anchors.","Require corroborating text, provenance, sequence, or multiple independent visual anchors.",,
PHC-315,Duty (Kant),B_context_dependent,same_subdomain,5,PHC-307,Innate Moral Knowledge / Liangzhi (Wang Yangming),Normative & Virtue Ethics,0.036,,,inner compass-like guide;law inscribed on stone tablet;rope of responsibility tied to wrist;unbreakable signpost,compass self-orienting;lamp in the heart;seed's vitality;self-illuminating mirror,"Require corroborating text, provenance, sequence, or multiple independent visual anchors.","Require corroborating text, provenance, sequence, or multiple independent visual anchors.",,
PHC-315,Duty (Kant),B_context_dependent,lexical_overlap,6,PHC-341,Moral Realism (Plato),Metaethics,0.100,,,inner compass-like guide;law inscribed on stone tablet;rope of responsibility tied to wrist;unbreakable signpost,constant measure;independent geometric truth;law inscribed in stone;north star in air,"Require corroborating text, provenance, sequence, or multiple independent visual anchors.","Do not assign from a single image without decisive text, provenance, or task context.",,
PHC-315,Duty (Kant),B_context_dependent,lexical_overlap,7,PHC-476,Rule of Law (Aristotle),Philosophy of Law,0.100,,,inner compass-like guide;law inscribed on stone tablet;rope of responsibility tied to wrist;unbreakable signpost,laws inscribed in stone;suspended scale;uniform standard;universally applicable measure,"Require corroborating text, provenance, sequence, or multiple independent visual anchors.","Require corroborating text, provenance, sequence, or multiple independent visual anchors.",,
PHC-317,Autonomy in Moral and Political Philosophy,B_context_dependent,same_axis_retrieval,1,PHC-114,Free Will (Augustine),"Mind, Self & Agency",,choice_journey,,a consent process showing options and refusal;a person choosing among accessible alternatives without visible coercion;an institution enabling independent participation,button self-pressed;freely moving brush;loosened reins;turning at crossroads,"Require corroborating text, provenance, sequence, or multiple independent visual anchors.",Treat the anchor as a culturally contingent cue and state the anchor-to-symbol rationale.,,
PHC-317,Autonomy in Moral and Political Philosophy,B_context_dependent,same_axis_retrieval,2,PHC-133,Agency,"Mind, Self & Agency",,choice_journey,,a consent process showing options and refusal;a person choosing among accessible alternatives without visible coercion;an institution enabling independent participation,a control interface operated to produce an observable effect;a deliberate choice followed by a matching action;an agent visibly initiating rather than undergoing a movement,"Require corroborating text, provenance, sequence, or multiple independent visual anchors.","Require corroborating text, provenance, sequence, or multiple independent visual anchors.",,
PHC-317,Autonomy in Moral and Political Philosophy,B_context_dependent,same_subdomain,3,PHC-318,Personal Autonomy,Normative & Virtue Ethics,0.128,,,a consent process showing options and refusal;a person choosing among accessible alternatives without visible coercion;an institution enabling independent participation,a long-term project chosen and pursued by the same agent;a person revising a life plan;refusal and alternatives respected during consent,"Require corroborating text, provenance, sequence, or multiple independent visual anchors.","Require corroborating text, provenance, sequence, or multiple independent visual anchors.",,
PHC-317,Autonomy in Moral and Political Philosophy,B_context_dependent,same_subdomain,4,PHC-291,Eros (Plato),Normative & Virtue Ethics,0.000,,,a consent process showing options and refusal;a person choosing among accessible alternatives without visible coercion;an institution enabling independent participation,compass pointing north;magnetic attraction;moth-to-flame attraction;vine reaching for light,"Require corroborating text, provenance, sequence, or multiple independent visual anchors.",Treat the anchor as a culturally contingent cue and state the anchor-to-symbol rationale.,,
PHC-317,Autonomy in Moral and Political Philosophy,B_context_dependent,same_subdomain,5,PHC-292,Eudaimonia / Flourishing (Aristotle),Normative & Virtue Ethics,0.000,,,a consent process showing options and refusal;a person choosing among accessible alternatives without visible coercion;an institution enabling independent participation,bountiful harvest;completed building;fruit-laden tree;successful performance,"Require corroborating text, provenance, sequence, or multiple independent visual anchors.",Treat the anchor as a culturally contingent cue and state the anchor-to-symbol rationale.,,
PHC-317,Autonomy in Moral and Political Philosophy,B_context_dependent,lexical_overlap,6,PHC-395,Informed Consent,Bioethics & Health Ethics,0.079,,,a consent process showing options and refusal;a person choosing among accessible alternatives without visible coercion;an institution enabling independent participation,an uncoerced accept-or-refuse choice with refusal available;options and material risks presented in readable form;the decision-maker demonstrating understanding,"Require corroborating text, provenance, sequence, or multiple independent visual anchors.","Require corroborating text, provenance, sequence, or multiple independent visual anchors.",,
PHC-317,Autonomy in Moral and Political Philosophy,B_context_dependent,lexical_overlap,7,PHC-366,Altruism,Moral Psychology & Philosophy of Life,0.077,,,a consent process showing options and refusal;a person choosing among accessible alternatives without visible coercion;an institution enabling independent participation,a person giving scarce food or time to another;anonymous aid without an obvious reward;rescue assistance involving visible cost,"Require corroborating text, provenance, sequence, or multiple independent visual anchors.","Require corroborating text, provenance, sequence, or multiple independent visual anchors.",,
PHC-345,Moral Responsibility (Aristotle),B_context_dependent,same_axis_retrieval,1,PHC-315,Duty (Kant),Normative & Virtue Ethics,,ethics_responsibility,,hand on steering wheel;shoulder bearing consequence;signature left;signed statement of responsibility,inner compass-like guide;law inscribed on stone tablet;rope of responsibility tied to wrist;unbreakable signpost,"Require corroborating text, provenance, sequence, or multiple independent visual anchors.","Require corroborating text, provenance, sequence, or multiple independent visual anchors.",,
PHC-345,Moral Responsibility (Aristotle),B_context_dependent,same_axis_retrieval,2,PHC-382,Collective Responsibility,Applied & Professional Ethics,,ethics_responsibility,,hand on steering wheel;shoulder bearing consequence;signature left;signed statement of responsibility,a group jointly signing a decision;an organizational chain visibly linked to a harmful outcome;team roles assigned in a shared plan,"Require corroborating text, provenance, sequence, or multiple independent visual anchors.","Require corroborating text, provenance, sequence, or multiple independent visual anchors.",,
PHC-345,Moral Responsibility (Aristotle),B_context_dependent,same_subdomain,3,PHC-334,Moral Intuitionism (Moore),Metaethics,0.042,,,hand on steering wheel;shoulder bearing consequence;signature left;signed statement of responsibility,instinctively withdrawing hand;reflex-like judgment;seeing-through intuition;unthinking first response,"Require corroborating text, provenance, sequence, or multiple independent visual anchors.","Require corroborating text, provenance, sequence, or multiple independent visual anchors.",,
PHC-345,Moral Responsibility (Aristotle),B_context_dependent,same_subdomain,4,PHC-350,Practical Reason (Aristotle),Metaethics,0.042,,,hand on steering wheel;shoulder bearing consequence;signature left;signed statement of responsibility,decision-tree branches;deliberate signature;route-planning map;scale weighing pros/cons,"Require corroborating text, provenance, sequence, or multiple independent visual anchors.","Require corroborating text, provenance, sequence, or multiple independent visual anchors.",,
PHC-345,Moral Responsibility (Aristotle),B_context_dependent,same_subdomain,5,PHC-355,Skepticism about Moral Responsibility (Galen Strawson),Metaethics,0.040,,,hand on steering wheel;shoulder bearing consequence;signature left;signed statement of responsibility,dismantled causal chain;loosened chain of responsibility;pending judgment;question mark on verdict,"Require corroborating text, provenance, sequence, or multiple independent visual anchors.","Require corroborating text, provenance, sequence, or multiple independent visual anchors.",,
PHC-345,Moral Responsibility (Aristotle),B_context_dependent,lexical_overlap,6,PHC-473,Legal Responsibility,Philosophy of Law,0.238,,accountability,hand on steering wheel;shoulder bearing consequence;signature left;signed statement of responsibility,chain of joint liability;court-identification;falling gavel;signed responsibility statement,"Require corroborating text, provenance, sequence, or multiple independent visual anchors.","Require corroborating text, provenance, sequence, or multiple independent visual anchors.",,
PHC-345,Moral Responsibility (Aristotle),B_context_dependent,lexical_overlap,7,PHC-278,Assertion,"Language, Meaning & Representation",0.083,,,hand on steering wheel;shoulder bearing consequence;signature left;signed statement of responsibility,a claim challenged by an interlocutor;a declarative statement attributed to a speaker;a signed public claim,"Require corroborating text, provenance, sequence, or multiple independent visual anchors.","Require corroborating text, provenance, sequence, or multiple independent visual anchors.",,
PHC-363,"Authenticity (Heidegger, Sartre)",B_context_dependent,same_axis_retrieval,1,PHC-060,Personal Identity (Locke),Identity & Persistence,,identity_appearance,,post-makeup mirror;solitary cabin in wilderness;stripped label;unmasked face;unretouched detail,continuous diary pages;same river-system;string of pearls;successive footprints,"Require corroborating text, provenance, sequence, or multiple independent visual anchors.","Require corroborating text, provenance, sequence, or multiple independent visual anchors.",,
PHC-363,"Authenticity (Heidegger, Sartre)",B_context_dependent,same_axis_retrieval,2,PHC-364,Bad Faith / Self-Deception (Sartre),Moral Psychology & Philosophy of Life,,identity_appearance,,post-makeup mirror;solitary cabin in wilderness;stripped label;unmasked face;unretouched detail,"actor in costume saying ""i'm just a spectator"";hand covering eyes with fingers apart;masked dancer forgetting their own face;repeating ""i have no choice"" while knowing otherwise;unopened letter trembling in hand","Require corroborating text, provenance, sequence, or multiple independent visual anchors.",Treat the anchor as a culturally contingent cue and state the anchor-to-symbol rationale.,,
PHC-363,"Authenticity (Heidegger, Sartre)",B_context_dependent,same_subdomain,3,PHC-371,Nausea (Sartre),Moral Psychology & Philosophy of Life,0.071,,,post-makeup mirror;solitary cabin in wilderness;stripped label;unmasked face;unretouched detail,floating weightlessness;stomach-churning unease;suddenly seeing tree-roots clearly;unfamiliar face in mirror,"Require corroborating text, provenance, sequence, or multiple independent visual anchors.",Treat the anchor as a culturally contingent cue and state the anchor-to-symbol rationale.,,
PHC-363,"Authenticity (Heidegger, Sartre)",B_context_dependent,same_subdomain,4,PHC-360,"Ataraxia (Pyrrho, Sextus)",Moral Psychology & Philosophy of Life,0.000,,,post-makeup mirror;solitary cabin in wilderness;stripped label;unmasked face;unretouched detail,calm surface over deep current;eye of storm;impassive stone buddha;rippleless lake-mirror;still candle flame,"Require corroborating text, provenance, sequence, or multiple independent visual anchors.",Treat the anchor as a culturally contingent cue and state the anchor-to-symbol rationale.,,
PHC-363,"Authenticity (Heidegger, Sartre)",B_context_dependent,same_subdomain,5,PHC-361,Meaning of Life,Moral Psychology & Philosophy of Life,0.000,,,post-makeup mirror;solitary cabin in wilderness;stripped label;unmasked face;unretouched detail,a life narrative connected across projects and relationships;a memorial linking actions to enduring significance;explicit reflection on purpose in readable text,"Require corroborating text, provenance, sequence, or multiple independent visual anchors.","Do not assign from a single image without decisive text, provenance, or task context.",,
PHC-363,"Authenticity (Heidegger, Sartre)",B_context_dependent,lexical_overlap,6,PHC-180,Cogito (Descartes),Knowledge & Truth,0.094,,,post-makeup mirror;solitary cabin in wilderness;stripped label;unmasked face;unretouched detail,candlelit solitary chamber;clear mirror reflection;empty room with lone chair;lighthouse on isolated island;sole flame in darkness,"Require corroborating text, provenance, sequence, or multiple independent visual anchors.",Treat the anchor as a culturally contingent cue and state the anchor-to-symbol rationale.,,
PHC-363,"Authenticity (Heidegger, Sartre)",B_context_dependent,lexical_overlap,7,PHC-044,Conceptualism (Abelard),"Objects, Properties & Categories",0.065,,,post-makeup mirror;solitary cabin in wilderness;stripped label;unmasked face;unretouched detail,blurred dream face;imagined city;inner silent speech;red imagined with eyes closed;solitary inner monologue,"Require corroborating text, provenance, sequence, or multiple independent visual anchors.",Treat the anchor as a culturally contingent cue and state the anchor-to-symbol rationale.,,
PHC-364,Bad Faith / Self-Deception (Sartre),A_core_recommended,same_axis_retrieval,1,PHC-060,Personal Identity (Locke),Identity & Persistence,,identity_appearance,,"actor in costume saying ""i'm just a spectator"";hand covering eyes with fingers apart;masked dancer forgetting their own face;repeating ""i have no choice"" while knowing otherwise;unopened letter trembling in hand",continuous diary pages;same river-system;string of pearls;successive footprints,Treat the anchor as a culturally contingent cue and state the anchor-to-symbol rationale.,"Require corroborating text, provenance, sequence, or multiple independent visual anchors.",,
PHC-364,Bad Faith / Self-Deception (Sartre),A_core_recommended,same_axis_retrieval,2,PHC-363,"Authenticity (Heidegger, Sartre)",Moral Psychology & Philosophy of Life,,identity_appearance,,"actor in costume saying ""i'm just a spectator"";hand covering eyes with fingers apart;masked dancer forgetting their own face;repeating ""i have no choice"" while knowing otherwise;unopened letter trembling in hand",post-makeup mirror;solitary cabin in wilderness;stripped label;unmasked face;unretouched detail,Treat the anchor as a culturally contingent cue and state the anchor-to-symbol rationale.,"Require corroborating text, provenance, sequence, or multiple independent visual anchors.",,
PHC-364,Bad Faith / Self-Deception (Sartre),A_core_recommended,same_subdomain,3,PHC-362,"Anxiety (Kierkegaard, Heidegger)",Moral Psychology & Philosophy of Life,0.023,,,"actor in costume saying ""i'm just a spectator"";hand covering eyes with fingers apart;masked dancer forgetting their own face;repeating ""i have no choice"" while knowing otherwise;unopened letter trembling in hand",bungee-edge toes;height vertigo;insomniac in darkness;mist-obscured path;trembling on single-log bridge,Treat the anchor as a culturally contingent cue and state the anchor-to-symbol rationale.,"Require corroborating text, provenance, sequence, or multiple independent visual anchors.",,
PHC-364,Bad Faith / Self-Deception (Sartre),A_core_recommended,same_subdomain,4,PHC-371,Nausea (Sartre),Moral Psychology & Philosophy of Life,0.022,,,"actor in costume saying ""i'm just a spectator"";hand covering eyes with fingers apart;masked dancer forgetting their own face;repeating ""i have no choice"" while knowing otherwise;unopened letter trembling in hand",floating weightlessness;stomach-churning unease;suddenly seeing tree-roots clearly;unfamiliar face in mirror,Treat the anchor as a culturally contingent cue and state the anchor-to-symbol rationale.,Treat the anchor as a culturally contingent cue and state the anchor-to-symbol rationale.,,
PHC-364,Bad Faith / Self-Deception (Sartre),A_core_recommended,same_subdomain,5,PHC-360,"Ataraxia (Pyrrho, Sextus)",Moral Psychology & Philosophy of Life,0.000,,,"actor in costume saying ""i'm just a spectator"";hand covering eyes with fingers apart;masked dancer forgetting their own face;repeating ""i have no choice"" while knowing otherwise;unopened letter trembling in hand",calm surface over deep current;eye of storm;impassive stone buddha;rippleless lake-mirror;still candle flame,Treat the anchor as a culturally contingent cue and state the anchor-to-symbol rationale.,Treat the anchor as a culturally contingent cue and state the anchor-to-symbol rationale.,,
PHC-364,Bad Faith / Self-Deception (Sartre),A_core_recommended,lexical_overlap,6,PHC-358,Weakness of Will / Akrasia (Aristotle),Metaethics,0.045,,,"actor in costume saying ""i'm just a spectator"";hand covering eyes with fingers apart;masked dancer forgetting their own face;repeating ""i have no choice"" while knowing otherwise;unopened letter trembling in hand",brake released;hand breaking vow;hand reaching despite knowing harm;knee bending,Treat the anchor as a culturally contingent cue and state the anchor-to-symbol rationale.,Treat the anchor as a culturally contingent cue and state the anchor-to-symbol rationale.,,
PHC-364,Bad Faith / Self-Deception (Sartre),A_core_recommended,lexical_overlap,7,PHC-182,"Idea (Locke, Hume)",Knowledge & Truth,0.043,,,"actor in costume saying ""i'm just a spectator"";hand covering eyes with fingers apart;masked dancer forgetting their own face;repeating ""i have no choice"" while knowing otherwise;unopened letter trembling in hand",blurred dream face;flashback;inner echo;red apple imagined with eyes closed;unseen landscape imagined,Treat the anchor as a culturally contingent cue and state the anchor-to-symbol rationale.,Treat the anchor as a culturally contingent cue and state the anchor-to-symbol rationale.,,
PHC-382,Collective Responsibility,B_context_dependent,same_axis_retrieval,1,PHC-315,Duty (Kant),Normative & Virtue Ethics,,ethics_responsibility,,a group jointly signing a decision;an organizational chain visibly linked to a harmful outcome;team roles assigned in a shared plan,inner compass-like guide;law inscribed on stone tablet;rope of responsibility tied to wrist;unbreakable signpost,"Require corroborating text, provenance, sequence, or multiple independent visual anchors.","Require corroborating text, provenance, sequence, or multiple independent visual anchors.",,
PHC-382,Collective Responsibility,B_context_dependent,same_axis_retrieval,2,PHC-345,Moral Responsibility (Aristotle),Metaethics,,ethics_responsibility,,a group jointly signing a decision;an organizational chain visibly linked to a harmful outcome;team roles assigned in a shared plan,hand on steering wheel;shoulder bearing consequence;signature left;signed statement of responsibility,"Require corroborating text, provenance, sequence, or multiple independent visual anchors.","Require corroborating text, provenance, sequence, or multiple independent visual anchors.",,
PHC-382,Collective Responsibility,B_context_dependent,same_subdomain,3,PHC-373,Dirty Hands Problem (Walzer),Applied & Professional Ethics,0.033,,,a group jointly signing a decision;an organizational chain visibly linked to a harmful outcome;team roles assigned in a shared plan,covert trade-off;lesser evil chosen;mud-stained hands;stained but necessary decision,"Require corroborating text, provenance, sequence, or multiple independent visual anchors.",Treat the anchor as a culturally contingent cue and state the anchor-to-symbol rationale.,,
PHC-382,Collective Responsibility,B_context_dependent,same_subdomain,4,PHC-374,Ethics of Manipulation,Applied & Professional Ethics,0.027,,,a group jointly signing a decision;an organizational chain visibly linked to a harmful outcome;team roles assigned in a shared plan,a deceptive interface steering one option;hidden strings controlling a figure;information asymmetry used to channel a decision,"Require corroborating text, provenance, sequence, or multiple independent visual anchors.","Require corroborating text, provenance, sequence, or multiple independent visual anchors.",,
PHC-382,Collective Responsibility,B_context_dependent,same_subdomain,5,PHC-375,Paternalism,Applied & Professional Ethics,0.000,,,a group jointly signing a decision;an organizational chain visibly linked to a harmful outcome;team roles assigned in a shared plan,guard-rail restriction;leading rope;parent holding child's hand across street;steering from behind,"Require corroborating text, provenance, sequence, or multiple independent visual anchors.",Treat the anchor as a culturally contingent cue and state the anchor-to-symbol rationale.,,
PHC-382,Collective Responsibility,B_context_dependent,lexical_overlap,6,PHC-473,Legal Responsibility,Philosophy of Law,0.107,,,a group jointly signing a decision;an organizational chain visibly linked to a harmful outcome;team roles assigned in a shared plan,chain of joint liability;court-identification;falling gavel;signed responsibility statement,"Require corroborating text, provenance, sequence, or multiple independent visual anchors.","Require corroborating text, provenance, sequence, or multiple independent visual anchors.",,
PHC-382,Collective Responsibility,B_context_dependent,lexical_overlap,7,PHC-135,Shared Agency,Social Ontology,0.103,,,a group jointly signing a decision;an organizational chain visibly linked to a harmful outcome;team roles assigned in a shared plan,complementary roles following a shared plan;mutual adjustment toward one outcome;two people coordinating a lift that neither can complete alone,"Require corroborating text, provenance, sequence, or multiple independent visual anchors.","Require corroborating text, provenance, sequence, or multiple independent visual anchors.",,
PHC-407,Information Technology & Privacy (Warren & Brandeis),B_context_dependent,same_axis_retrieval,1,PHC-477,Exploitation (Marx),Political Economy & Critical Theory,,labor_technology,,opened private mailbox;read diary;surveillance camera;transparent wall,drained well;labour-extracting gear;one-sided press;unbalanced scales,"Require corroborating text, provenance, sequence, or multiple independent visual anchors.",Treat the anchor as a culturally contingent cue and state the anchor-to-symbol rationale.,,
PHC-407,Information Technology & Privacy (Warren & Brandeis),B_context_dependent,same_axis_retrieval,2,PHC-503,Labour and Work (Marx),Political Economy & Critical Theory,,labor_technology,,opened private mailbox;read diary;surveillance camera;transparent wall,assembly-line output;polished workpiece;sweating hands;tilled fields,"Require corroborating text, provenance, sequence, or multiple independent visual anchors.","Require corroborating text, provenance, sequence, or multiple independent visual anchors.",,
PHC-407,Information Technology & Privacy (Warren & Brandeis),B_context_dependent,same_subdomain,3,PHC-408,Algorithmic Fairness,Technology & AI Ethics,0.000,,,opened private mailbox;read diary;surveillance camera;transparent wall,an allocation dashboard exposing group disparities;an appeal process correcting an automated decision;matched applicants receiving different automated outcomes,"Require corroborating text, provenance, sequence, or multiple independent visual anchors.","Require corroborating text, provenance, sequence, or multiple independent visual anchors.",,
PHC-407,Information Technology & Privacy (Warren & Brandeis),B_context_dependent,lexical_overlap,4,PHC-426,Publicity (Kant),Political Philosophy & Authority,0.120,,,opened private mailbox;read diary;surveillance camera;transparent wall,opened window;public square address;publicly posted notice;transparent glass wall,"Require corroborating text, provenance, sequence, or multiple independent visual anchors.",Treat the anchor as a culturally contingent cue and state the anchor-to-symbol rationale.,,
PHC-407,Information Technology & Privacy (Warren & Brandeis),B_context_dependent,lexical_overlap,5,PHC-506,Property and Ownership (Locke),Political Economy & Critical Theory,0.091,,,opened private mailbox;read diary;surveillance camera;transparent wall,fenced enclosure;locked title-deed;nameplate on door;planted property-sign,"Require corroborating text, provenance, sequence, or multiple independent visual anchors.","Require corroborating text, provenance, sequence, or multiple independent visual anchors.",,
PHC-417,Negative Liberty (Berlin),A_core_recommended,same_axis_retrieval,1,PHC-418,Positive Liberty (Berlin),Political Philosophy & Authority,,freedom_constraint,,clear road;open doors;removed fences;unlocked passage,filled tank;lit bulb;provided tools;spread wings,Treat the anchor as a culturally contingent cue and state the anchor-to-symbol rationale.,Treat the anchor as a culturally contingent cue and state the anchor-to-symbol rationale.,,
PHC-417,Negative Liberty (Berlin),A_core_recommended,same_axis_retrieval,2,PHC-483,Coercion (Hobbes),Political Economy & Critical Theory,,freedom_constraint,,clear road;open doors;removed fences;unlocked passage,bound rope;choice under gun;steps pushed forward;twisted arm,Treat the anchor as a culturally contingent cue and state the anchor-to-symbol rationale.,Treat the anchor as a culturally contingent cue and state the anchor-to-symbol rationale.,,
PHC-417,Negative Liberty (Berlin),A_core_recommended,same_subdomain,3,PHC-416,Liberalism (Locke),Political Philosophy & Authority,0.091,,,clear road;open doors;removed fences;unlocked passage,open free space;released hands;removed chains;retreating government hand,Treat the anchor as a culturally contingent cue and state the anchor-to-symbol rationale.,Treat the anchor as a culturally contingent cue and state the anchor-to-symbol rationale.,,
PHC-417,Negative Liberty (Berlin),A_core_recommended,same_subdomain,4,PHC-419,Anarchism (Kropotkin),Political Philosophy & Authority,0.087,,,clear road;open doors;removed fences;unlocked passage,centre-less node-network;freely flowing collaboration-chain;spontaneous mutual-aid circles;unlocked doors,Treat the anchor as a culturally contingent cue and state the anchor-to-symbol rationale.,"Require corroborating text, provenance, sequence, or multiple independent visual anchors.",,
PHC-417,Negative Liberty (Berlin),A_core_recommended,same_subdomain,5,PHC-431,State of Nature (Hobbes),Political Philosophy & Authority,0.045,,,clear road;open doors;removed fences;unlocked passage,orderless jungle;unfenced field;unlined road;unowned wilderness,Treat the anchor as a culturally contingent cue and state the anchor-to-symbol rationale.,"Require corroborating text, provenance, sequence, or multiple independent visual anchors.",,
PHC-417,Negative Liberty (Berlin),A_core_recommended,lexical_overlap,6,PHC-449,Capability Approach (Sen),"Justice, Rights & Equality",0.136,,,clear road;open doors;removed fences;unlocked passage,expanded menu;freely navigable path-network;multiple open doors;rich toolbox,Treat the anchor as a culturally contingent cue and state the anchor-to-symbol rationale.,Treat the anchor as a culturally contingent cue and state the anchor-to-symbol rationale.,,
PHC-417,Negative Liberty (Berlin),A_core_recommended,lexical_overlap,7,PHC-317,Autonomy in Moral and Political Philosophy,Normative & Virtue Ethics,0.062,,,clear road;open doors;removed fences;unlocked passage,a consent process showing options and refusal;a person choosing among accessible alternatives without visible coercion;an institution enabling independent participation,Treat the anchor as a culturally contingent cue and state the anchor-to-symbol rationale.,"Require corroborating text, provenance, sequence, or multiple independent visual anchors.",,
PHC-418,Positive Liberty (Berlin),A_core_recommended,same_axis_retrieval,1,PHC-417,Negative Liberty (Berlin),Political Philosophy & Authority,,freedom_constraint,,filled tank;lit bulb;provided tools;spread wings,clear road;open doors;removed fences;unlocked passage,Treat the anchor as a culturally contingent cue and state the anchor-to-symbol rationale.,Treat the anchor as a culturally contingent cue and state the anchor-to-symbol rationale.,,
PHC-418,Positive Liberty (Berlin),A_core_recommended,same_axis_retrieval,2,PHC-483,Coercion (Hobbes),Political Economy & Critical Theory,,freedom_constraint,,filled tank;lit bulb;provided tools;spread wings,bound rope;choice under gun;steps pushed forward;twisted arm,Treat the anchor as a culturally contingent cue and state the anchor-to-symbol rationale.,Treat the anchor as a culturally contingent cue and state the anchor-to-symbol rationale.,,
PHC-418,Positive Liberty (Berlin),A_core_recommended,same_subdomain,3,PHC-409,Civil Disobedience (Thoreau),Political Philosophy & Authority,0.000,,,filled tank;lit bulb;provided tools;spread wings,peaceful sign-carrying crowd;silent non-cooperation;sitting protestors;unmoving feet,Treat the anchor as a culturally contingent cue and state the anchor-to-symbol rationale.,Treat the anchor as a culturally contingent cue and state the anchor-to-symbol rationale.,,
PHC-418,Positive Liberty (Berlin),A_core_recommended,same_subdomain,4,PHC-410,Common Good (Aristotle),Political Philosophy & Authority,0.000,,,filled tank;lit bulb;provided tools;spread wings,co-cultivated field;common water-source;jointly built roof;shared granary,Treat the anchor as a culturally contingent cue and state the anchor-to-symbol rationale.,Treat the anchor as a culturally contingent cue and state the anchor-to-symbol rationale.,,
PHC-418,Positive Liberty (Berlin),A_core_recommended,same_subdomain,5,PHC-411,Communitarianism (MacIntyre),Political Philosophy & Authority,0.000,,,filled tank;lit bulb;provided tools;spread wings,co-founded houses;interwoven cloth;root-linked forest;village under one sky,Treat the anchor as a culturally contingent cue and state the anchor-to-symbol rationale.,Treat the anchor as a culturally contingent cue and state the anchor-to-symbol rationale.,,
PHC-418,Positive Liberty (Berlin),A_core_recommended,lexical_overlap,6,PHC-394,Human Enhancement (Sandel),Bioethics & Health Ethics,0.095,,,filled tank;lit bulb;provided tools;spread wings,athlete beyond limits;enhanced muscles;human with wings;upgraded chip,Treat the anchor as a culturally contingent cue and state the anchor-to-symbol rationale.,Treat the anchor as a culturally contingent cue and state the anchor-to-symbol rationale.,,
PHC-418,Positive Liberty (Berlin),A_core_recommended,lexical_overlap,7,PHC-109,Consciousness (Locke),"Mind, Self & Agency",0.091,,,filled tank;provided tools;spread wings,focused lens;open eye;waking stream-of-consciousness,Treat the anchor as a culturally contingent cue and state the anchor-to-symbol rationale.,Treat the anchor as a culturally contingent cue and state the anchor-to-symbol rationale.,,
PHC-440,Recognition (Hegel),A_core_recommended,same_axis_retrieval,1,PHC-134,Social Ontology,Social Ontology,,social_existence,,eye-contact during handshake;mirror confirmation;mutual gaze;nod of acknowledgment,commonly signed contract;group-voting outcome;shared trust in currency;social convention,Treat the anchor as a culturally contingent cue and state the anchor-to-symbol rationale.,"Require corroborating text, provenance, sequence, or multiple independent visual anchors.",,
PHC-440,Recognition (Hegel),A_core_recommended,same_axis_retrieval,2,PHC-136,Collective Intentionality,Social Ontology,,social_existence,,eye-contact during handshake;mirror confirmation;mutual gaze;nod of acknowledgment,interdependent roles directed at a shared result;several people following one plan;synchronized action with a common target,Treat the anchor as a culturally contingent cue and state the anchor-to-symbol rationale.,"Require corroborating text, provenance, sequence, or multiple independent visual anchors.",,
PHC-440,Recognition (Hegel),A_core_recommended,same_subdomain,3,PHC-455,Public Justification (Rawls),"Justice, Rights & Equality",0.091,,,eye-contact during handshake;mirror confirmation;mutual gaze;nod of acknowledgment,co-signed document;handshake consensus;jointly signed agreement;mutual nodding,Treat the anchor as a culturally contingent cue and state the anchor-to-symbol rationale.,Treat the anchor as a culturally contingent cue and state the anchor-to-symbol rationale.,,
PHC-440,Recognition (Hegel),A_core_recommended,same_subdomain,4,PHC-458,Reflective Equilibrium in Political Justice,"Justice, Rights & Equality",0.043,,,eye-contact during handshake;mirror confirmation;mutual gaze;nod of acknowledgment,corrected map;polished lens;recalibrated scale;repeatedly tuning instrument,Treat the anchor as a culturally contingent cue and state the anchor-to-symbol rationale.,"Require corroborating text, provenance, sequence, or multiple independent visual anchors.",,
PHC-440,Recognition (Hegel),A_core_recommended,same_subdomain,5,PHC-451,Global Justice (Rawls),"Justice, Rights & Equality",0.040,,,eye-contact during handshake;mirror confirmation;mutual gaze;nod of acknowledgment,fairness-line circling globe;globally shared resource-map;handshake across borders;intercontinental bridge,Treat the anchor as a culturally contingent cue and state the anchor-to-symbol rationale.,"Require corroborating text, provenance, sequence, or multiple independent visual anchors.",,
PHC-440,Recognition (Hegel),A_core_recommended,lexical_overlap,6,PHC-627,The Gaze (Lacan),Phenomenological & Psychoanalytic Aesthetics,0.121,,,eye-contact during handshake;mirror confirmation;mutual gaze;nod of acknowledgment,embarrassment of being seen while looking;figure in painting following viewer;illusion of being looked back at by the painting;mirror image taken as self but not self;misplacement of desire in eye-contact,Treat the anchor as a culturally contingent cue and state the anchor-to-symbol rationale.,Treat the anchor as a culturally contingent cue and state the anchor-to-symbol rationale.,,
PHC-440,Recognition (Hegel),A_core_recommended,lexical_overlap,7,PHC-414,Reconciliation (Arendt),Political Philosophy & Authority,0.095,,,eye-contact during handshake;mirror confirmation;mutual gaze;nod of acknowledgment,handshake reconciliation;pieced-back mirror;re-joined rope;stitched wound,Treat the anchor as a culturally contingent cue and state the anchor-to-symbol rationale.,Treat the anchor as a culturally contingent cue and state the anchor-to-symbol rationale.,,
PHC-477,Exploitation (Marx),A_core_recommended,same_axis_retrieval,1,PHC-407,Information Technology & Privacy (Warren & Brandeis),Technology & AI Ethics,,labor_technology,,drained well;labour-extracting gear;one-sided press;unbalanced scales,opened private mailbox;read diary;surveillance camera;transparent wall,Treat the anchor as a culturally contingent cue and state the anchor-to-symbol rationale.,"Require corroborating text, provenance, sequence, or multiple independent visual anchors.",,
PHC-477,Exploitation (Marx),A_core_recommended,same_axis_retrieval,2,PHC-503,Labour and Work (Marx),Political Economy & Critical Theory,,labor_technology,,drained well;labour-extracting gear;one-sided press;unbalanced scales,assembly-line output;polished workpiece;sweating hands;tilled fields,Treat the anchor as a culturally contingent cue and state the anchor-to-symbol rationale.,"Require corroborating text, provenance, sequence, or multiple independent visual anchors.",,
PHC-477,Exploitation (Marx),A_core_recommended,same_subdomain,3,PHC-480,Public Goods (Samuelson),Political Economy & Critical Theory,0.048,,,drained well;labour-extracting gear;one-sided press;unbalanced scales,free park;public bench;shared well;streetlight illuminating all,Treat the anchor as a culturally contingent cue and state the anchor-to-symbol rationale.,Treat the anchor as a culturally contingent cue and state the anchor-to-symbol rationale.,,
PHC-477,Exploitation (Marx),A_core_recommended,same_subdomain,4,PHC-498,Domination (Marx),Political Economy & Critical Theory,0.045,,,drained well;labour-extracting gear;one-sided press;unbalanced scales,bent back;hanging rein of domination;overlooking hand;overlooking pyramid of power,Treat the anchor as a culturally contingent cue and state the anchor-to-symbol rationale.,Treat the anchor as a culturally contingent cue and state the anchor-to-symbol rationale.,,
PHC-477,Exploitation (Marx),A_core_recommended,same_subdomain,5,PHC-478,Free-Rider Problem (Olson),Political Economy & Critical Theory,0.042,,,drained well;labour-extracting gear;one-sided press;unbalanced scales,free lunch;free ride;sharing porridge without labour;well not carried,Treat the anchor as a culturally contingent cue and state the anchor-to-symbol rationale.,Treat the anchor as a culturally contingent cue and state the anchor-to-symbol rationale.,,
PHC-477,Exploitation (Marx),A_core_recommended,lexical_overlap,6,PHC-513,Colonialism,"Global, Postcolonial & National Identity",0.091,,,drained well;labour-extracting gear;one-sided press;unbalanced scales,flag-planted map;land with resources drained;one-way outflow arrows;partitioned territory,Treat the anchor as a culturally contingent cue and state the anchor-to-symbol rationale.,"Require corroborating text, provenance, sequence, or multiple independent visual anchors.",,
PHC-477,Exploitation (Marx),A_core_recommended,lexical_overlap,7,PHC-459,Retributive Justice (Kant),"Justice, Rights & Equality",0.050,,,drained well;labour-extracting gear;one-sided press;unbalanced scales,balanced scales;equal weights;mirror-causality;symmetrical judgment,Treat the anchor as a culturally contingent cue and state the anchor-to-symbol rationale.,"Require corroborating text, provenance, sequence, or multiple independent visual anchors.",,
PHC-481,Authority (Weber),A_core_recommended,same_axis_retrieval,1,PHC-490,Philosophy of War,Political Economy & Critical Theory,,power_conflict,,baton's wave;obeyed command;submissive posture;worn sceptre,burning battlefield;clashing swords;opposing armies;torn peace-flag,Treat the anchor as a culturally contingent cue and state the anchor-to-symbol rationale.,Treat the anchor as a culturally contingent cue and state the anchor-to-symbol rationale.,,
PHC-481,Authority (Weber),A_core_recommended,same_axis_retrieval,2,PHC-498,Domination (Marx),Political Economy & Critical Theory,,power_conflict,,baton's wave;obeyed command;submissive posture;worn sceptre,bent back;hanging rein of domination;overlooking hand;overlooking pyramid of power,Treat the anchor as a culturally contingent cue and state the anchor-to-symbol rationale.,Treat the anchor as a culturally contingent cue and state the anchor-to-symbol rationale.,,
PHC-481,Authority (Weber),A_core_recommended,same_subdomain,3,PHC-491,Political Legitimacy (Weber),Political Economy & Critical Theory,0.050,,,baton's wave;obeyed command;submissive posture;worn sceptre,coronation ritual;enthroned posture;nodding recognition;stamped authorisation,Treat the anchor as a culturally contingent cue and state the anchor-to-symbol rationale.,"Require corroborating text, provenance, sequence, or multiple independent visual anchors.",,
PHC-481,Authority (Weber),A_core_recommended,same_subdomain,4,PHC-485,Cultural Hegemony (Gramsci),Political Economy & Critical Theory,0.043,,,baton's wave;obeyed command;submissive posture;worn sceptre,covert overlay;diffuse uniform tint;invisible guiding hand;permeating dye,Treat the anchor as a culturally contingent cue and state the anchor-to-symbol rationale.,"Require corroborating text, provenance, sequence, or multiple independent visual anchors.",,
PHC-481,Authority (Weber),A_core_recommended,same_subdomain,5,PHC-494,Sovereignty (Bodin),Political Economy & Critical Theory,0.043,,,baton's wave;obeyed command;submissive posture;worn sceptre,crown symbol;throne overlooking all;unique seal;unshakeable sceptre,Treat the anchor as a culturally contingent cue and state the anchor-to-symbol rationale.,Treat the anchor as a culturally contingent cue and state the anchor-to-symbol rationale.,,
PHC-481,Authority (Weber),A_core_recommended,lexical_overlap,6,PHC-412,Identity Politics,Political Philosophy & Authority,0.048,,,baton's wave;obeyed command;submissive posture;worn sceptre,demarcated camp;gathered group;raised group flag;worn identity badge,Treat the anchor as a culturally contingent cue and state the anchor-to-symbol rationale.,"Require corroborating text, provenance, sequence, or multiple independent visual anchors.",,
PHC-481,Authority (Weber),A_core_recommended,lexical_overlap,7,PHC-304,Respect (Kant),Normative & Virtue Ethics,0.045,,,baton's wave;obeyed command;submissive posture;worn sceptre,formal bow;level gaze;listening posture;personal space,Treat the anchor as a culturally contingent cue and state the anchor-to-symbol rationale.,Treat the anchor as a culturally contingent cue and state the anchor-to-symbol rationale.,,
PHC-483,Coercion (Hobbes),A_core_recommended,same_axis_retrieval,1,PHC-417,Negative Liberty (Berlin),Political Philosophy & Authority,,freedom_constraint,,bound rope;choice under gun;steps pushed forward;twisted arm,clear road;open doors;removed fences;unlocked passage,Treat the anchor as a culturally contingent cue and state the anchor-to-symbol rationale.,Treat the anchor as a culturally contingent cue and state the anchor-to-symbol rationale.,,
PHC-483,Coercion (Hobbes),A_core_recommended,same_axis_retrieval,2,PHC-418,Positive Liberty (Berlin),Political Philosophy & Authority,,freedom_constraint,,bound rope;choice under gun;steps pushed forward;twisted arm,filled tank;lit bulb;provided tools;spread wings,Treat the anchor as a culturally contingent cue and state the anchor-to-symbol rationale.,Treat the anchor as a culturally contingent cue and state the anchor-to-symbol rationale.,,
PHC-483,Coercion (Hobbes),A_core_recommended,same_subdomain,3,PHC-477,Exploitation (Marx),Political Economy & Critical Theory,0.000,,,bound rope;choice under gun;steps pushed forward;twisted arm,drained well;labour-extracting gear;one-sided press;unbalanced scales,Treat the anchor as a culturally contingent cue and state the anchor-to-symbol rationale.,Treat the anchor as a culturally contingent cue and state the anchor-to-symbol rationale.,,
PHC-483,Coercion (Hobbes),A_core_recommended,same_subdomain,4,PHC-478,Free-Rider Problem (Olson),Political Economy & Critical Theory,0.000,,,bound rope;choice under gun;steps pushed forward;twisted arm,free lunch;free ride;sharing porridge without labour;well not carried,Treat the anchor as a culturally contingent cue and state the anchor-to-symbol rationale.,Treat the anchor as a culturally contingent cue and state the anchor-to-symbol rationale.,,
PHC-483,Coercion (Hobbes),A_core_recommended,same_subdomain,5,PHC-479,Prisoner's Dilemma (Tucker),Political Economy & Critical Theory,0.000,,,bound rope;choice under gun;steps pushed forward;twisted arm,handshake or release moment;in-game dilemma;trust vs betrayal weights;two cells,Treat the anchor as a culturally contingent cue and state the anchor-to-symbol rationale.,Treat the anchor as a culturally contingent cue and state the anchor-to-symbol rationale.,,
PHC-483,Coercion (Hobbes),A_core_recommended,lexical_overlap,6,PHC-328,Internal and External Reasons (Williams),Metaethics,0.154,,,bound rope;choice under gun;steps pushed forward;twisted arm,inner fire vs external fuel;self-driven vs pushed step;spontaneous smile vs formal bow;voluntary giving vs forced obedience,Treat the anchor as a culturally contingent cue and state the anchor-to-symbol rationale.,"Require corroborating text, provenance, sequence, or multiple independent visual anchors.",,
PHC-483,Coercion (Hobbes),A_core_recommended,lexical_overlap,7,PHC-332,Moral Dilemmas,Metaethics,0.087,,,bound rope;choice under gun;steps pushed forward;twisted arm,crossroads;hands in dilemma;scales with hard-to-balance weights;tug-of-war stalemate,Treat the anchor as a culturally contingent cue and state the anchor-to-symbol rationale.,"Require corroborating text, provenance, sequence, or multiple independent visual anchors.",,
PHC-490,Philosophy of War,A_core_recommended,same_axis_retrieval,1,PHC-481,Authority (Weber),Political Economy & Critical Theory,,power_conflict,,burning battlefield;clashing swords;opposing armies;torn peace-flag,baton's wave;obeyed command;submissive posture;worn sceptre,Treat the anchor as a culturally contingent cue and state the anchor-to-symbol rationale.,Treat the anchor as a culturally contingent cue and state the anchor-to-symbol rationale.,,
PHC-490,Philosophy of War,A_core_recommended,same_axis_retrieval,2,PHC-498,Domination (Marx),Political Economy & Critical Theory,,power_conflict,,burning battlefield;clashing swords;opposing armies;torn peace-flag,bent back;hanging rein of domination;overlooking hand;overlooking pyramid of power,Treat the anchor as a culturally contingent cue and state the anchor-to-symbol rationale.,Treat the anchor as a culturally contingent cue and state the anchor-to-symbol rationale.,,
PHC-490,Philosophy of War,A_core_recommended,same_subdomain,3,PHC-477,Exploitation (Marx),Political Economy & Critical Theory,0.000,,,burning battlefield;clashing swords;opposing armies;torn peace-flag,drained well;labour-extracting gear;one-sided press;unbalanced scales,Treat the anchor as a culturally contingent cue and state the anchor-to-symbol rationale.,Treat the anchor as a culturally contingent cue and state the anchor-to-symbol rationale.,,
PHC-490,Philosophy of War,A_core_recommended,same_subdomain,4,PHC-478,Free-Rider Problem (Olson),Political Economy & Critical Theory,0.000,,,burning battlefield;clashing swords;opposing armies;torn peace-flag,free lunch;free ride;sharing porridge without labour;well not carried,Treat the anchor as a culturally contingent cue and state the anchor-to-symbol rationale.,Treat the anchor as a culturally contingent cue and state the anchor-to-symbol rationale.,,
PHC-490,Philosophy of War,A_core_recommended,same_subdomain,5,PHC-479,Prisoner's Dilemma (Tucker),Political Economy & Critical Theory,0.000,,,burning battlefield;clashing swords;opposing armies;torn peace-flag,handshake or release moment;in-game dilemma;trust vs betrayal weights;two cells,Treat the anchor as a culturally contingent cue and state the anchor-to-symbol rationale.,Treat the anchor as a culturally contingent cue and state the anchor-to-symbol rationale.,,
PHC-490,Philosophy of War,A_core_recommended,lexical_overlap,6,PHC-165,Antinomies (Kant),Knowledge & Truth,0.125,,,burning battlefield;clashing swords;opposing armies;torn peace-flag,armies facing off;balanced scales;magnet repulsion;opposing arguments;twilight boundary,Treat the anchor as a culturally contingent cue and state the anchor-to-symbol rationale.,Treat the anchor as a culturally contingent cue and state the anchor-to-symbol rationale.,,
PHC-490,Philosophy of War,A_core_recommended,lexical_overlap,7,PHC-085,Temporality (Heidegger),"Time, Space & Change",0.045,,,burning battlefield;clashing swords;opposing armies;torn peace-flag,arrow in flight;burning candle;growing vine;unfolding scroll,Treat the anchor as a culturally contingent cue and state the anchor-to-symbol rationale.,Treat the anchor as a culturally contingent cue and state the anchor-to-symbol rationale.,,
PHC-498,Domination (Marx),A_core_recommended,same_axis_retrieval,1,PHC-481,Authority (Weber),Political Economy & Critical Theory,,power_conflict,,bent back;hanging rein of domination;overlooking hand;overlooking pyramid of power,baton's wave;obeyed command;submissive posture;worn sceptre,Treat the anchor as a culturally contingent cue and state the anchor-to-symbol rationale.,Treat the anchor as a culturally contingent cue and state the anchor-to-symbol rationale.,,
PHC-498,Domination (Marx),A_core_recommended,same_axis_retrieval,2,PHC-490,Philosophy of War,Political Economy & Critical Theory,,power_conflict,,bent back;hanging rein of domination;overlooking hand;overlooking pyramid of power,burning battlefield;clashing swords;opposing armies;torn peace-flag,Treat the anchor as a culturally contingent cue and state the anchor-to-symbol rationale.,Treat the anchor as a culturally contingent cue and state the anchor-to-symbol rationale.,,
PHC-498,Domination (Marx),A_core_recommended,same_subdomain,3,PHC-485,Cultural Hegemony (Gramsci),Political Economy & Critical Theory,0.087,,,bent back;hanging rein of domination;overlooking hand;overlooking pyramid of power,covert overlay;diffuse uniform tint;invisible guiding hand;permeating dye,Treat the anchor as a culturally contingent cue and state the anchor-to-symbol rationale.,"Require corroborating text, provenance, sequence, or multiple independent visual anchors.",,
PHC-498,Domination (Marx),A_core_recommended,same_subdomain,4,PHC-494,Sovereignty (Bodin),Political Economy & Critical Theory,0.087,,,bent back;hanging rein of domination;overlooking hand;overlooking pyramid of power,crown symbol;throne overlooking all;unique seal;unshakeable sceptre,Treat the anchor as a culturally contingent cue and state the anchor-to-symbol rationale.,Treat the anchor as a culturally contingent cue and state the anchor-to-symbol rationale.,,
PHC-498,Domination (Marx),A_core_recommended,same_subdomain,5,PHC-477,Exploitation (Marx),Political Economy & Critical Theory,0.045,,,bent back;hanging rein of domination;overlooking hand;overlooking pyramid of power,drained well;labour-extracting gear;one-sided press;unbalanced scales,Treat the anchor as a culturally contingent cue and state the anchor-to-symbol rationale.,Treat the anchor as a culturally contingent cue and state the anchor-to-symbol rationale.,,
PHC-498,Domination (Marx),A_core_recommended,lexical_overlap,6,PHC-140,Omnipotence (Aquinas),Philosophy of Religion,0.095,,,bent back;hanging rein of domination;overlooking hand;overlooking pyramid of power,all-governing hand;encompassing halo;infinite energy-beam;mountain-moving force,Treat the anchor as a culturally contingent cue and state the anchor-to-symbol rationale.,"Do not assign from a single image without decisive text, provenance, or task context.",,
PHC-498,Domination (Marx),A_core_recommended,lexical_overlap,7,PHC-422,Federalism (US Constitution),Political Philosophy & Authority,0.087,,,bent back;hanging rein of domination;overlooking hand;overlooking pyramid of power,hierarchical organigram;pyramid multi-layer structure;segmented administrative map;trunk-branch division,Treat the anchor as a culturally contingent cue and state the anchor-to-symbol rationale.,"Require corroborating text, provenance, sequence, or multiple independent visual anchors.",,
