sample_id,annotation_item_id,file_name,source,track,review_verdict,review_issues,annotation_method,formal_gold
PHL1800_HL_0003,F1670,PHL1800_HL_0003.png,HL Dataset,positive,revised_by_audit_visual_inspection,Previous fallback annotation described a different image; all semantic annotation fields were replaced after direct inspection of the mapped image.,ai_agent_direct_visual_reannotation_after_audit_non_independent,False
PHL1800_HL_0007,F1353,PHL1800_HL_0007.png,HL Dataset,positive,revise,"Incorrect count of people (24 vs actual ~15-20 visible individuals); text on billboards misreads 'TOLET' as 'TOLET' (correct is 'TOLET' but candidate's description is accurate, but phone numbers are misread: first billboard has '0333-5213006' and '051-29-3359' (correct), second billboard has '03218503555' and '03005135735' (correct) but candidate's object description of billboards is accurate; however, the main issue is the inflated people count.",dual_api_qwen_generate_glm_visual_review_non_independent,False
PHL1800_HL_0009,F1405,PHL1800_HL_0009.png,HL Dataset,positive,revise,Incorrect count of people (described as five but image shows five distinct individuals; no partial obscuration),dual_api_qwen_generate_glm_visual_review_non_independent,False
PHL1800_HL_0014,F0019,PHL1800_HL_0014.png,HL Dataset,positive,revise,The candidate incorrectly describes a single person; the image shows two people sharing one umbrella. The 'object' caption's description of the left-side building's window frames as green is inaccurate (they appear to be blue or teal). The 'action' caption's claim of 'a single person' is a hallucination.,dual_api_qwen_generate_glm_visual_review_non_independent,False
PHL1800_HL_0019,F0024,PHL1800_HL_0019.png,HL Dataset,positive,revise,"Incorrect count of people (21 vs. actual ~15-20 visible individuals); sign text misread ('ATW... DISMANTLE POLICE STATE' is not legible, only 'PHOTO' is visible); 'blue-and-white umbrella' is a blue umbrella with white pattern, not blue-and-white; 'large white sheet of paper' is a document, not necessarily large; 'speaking or gesturing' is unsupported as intent is not knowable.",dual_api_qwen_generate_glm_visual_review_non_independent,False
PHL1800_HL_0020,F0784,PHL1800_HL_0020.png,HL Dataset,positive,revise,Candidate incorrectly states the person is 'feet bare and crossed at the ankles' when they are wearing white socks; the cat is described as 'curled' but is lying stretched out; the laptop is described as 'silver' but appears to be a darker color (likely black or dark gray); the tissue is described as 'held loosely in the person’s right hand' but is held near the face with the left hand visible; the headboard is described as 'woven wicker' but appears to be a different material (possibly rattan or another woven style),dual_api_qwen_generate_glm_visual_review_non_independent,False
PHL1800_HL_0022,F1202,PHL1800_HL_0022.png,HL Dataset,positive,revise,Incorrect count of soldiers: candidate states 'eight visible soldiers' but image shows at least 10 distinct individuals; 'five open-top freight wagons' is inaccurate as the train extends beyond visible wagons; 'one sleeper is propped vertically against a wagon wheel' is not visible in the image.,dual_api_qwen_generate_glm_visual_review_non_independent,False
PHL1800_HL_0025,F1281,PHL1800_HL_0025.png,HL Dataset,positive,revise,"Incorrect count of human figures: candidate claims nine, but visual inspection shows fewer distinct individuals; revise to accurate count.",dual_api_qwen_generate_glm_visual_review_non_independent,False
PHL1800_HL_0027,F1789,PHL1800_HL_0027.png,HL Dataset,positive,revise,"Incorrect count of people: candidate claims three people (one holding camera, one in tie, one blurred foreground), but image shows two people (one reflected holding camera, one foreground blurred) with a third partial reflection (arm/tie) that is not a full person.",dual_api_qwen_generate_glm_visual_review_non_independent,False
PHL1800_HL_0031,F0247,PHL1800_HL_0031.png,HL Dataset,positive,revise,"The count of pedestrians is overstated; the image shows fewer than 12 individuals, and their clustering description is inaccurate.",dual_api_qwen_generate_glm_visual_review_non_independent,False
PHL1800_HL_0033,F0585,PHL1800_HL_0033.png,HL Dataset,positive,revise,"Incorrect count of clock faces (one visible, not four); inaccurate description of the Coca-Cola sign (not visible); unsupported claim of a blue parking meter; inaccurate color of the fire hydrant (red, not black); mischaracterization of the fence as adjacent to a fire hydrant (fence is separate); inaccurate description of banner text (unreadable, not monochrome portrait with text)",dual_api_qwen_generate_glm_visual_review_non_independent,False
PHL1800_HL_0038,F0439,PHL1800_HL_0038.png,HL Dataset,positive,revise,"Incorrect count of pigeons (candidate states four sculpted birds but image shows two sculpted birds on the roof); inaccurate clock time (candidate claims 10:10 but image shows ~1:50); unsupported claim of a person in white clothing (no clear person visible, only a partial figure on the far right)",dual_api_qwen_generate_glm_visual_review_non_independent,False
PHL1800_HL_0039,F0879,PHL1800_HL_0039.png,HL Dataset,positive,revise,"The action caption incorrectly states 'three people stand near the right-side entrance'; the image shows two people, not three.",dual_api_qwen_generate_glm_visual_review_non_independent,False
PHL1800_HL_0041,F1135,PHL1800_HL_0041.png,HL Dataset,positive,revise,Candidate incorrectly claims 'at least four individuals are discernible as separate figures' in the action caption; no pedestrians are clearly visible in the image.,dual_api_qwen_generate_glm_visual_review_non_independent,False
PHL1800_HL_0044,F1400,PHL1800_HL_0044.png,HL Dataset,positive,revise,"Incorrect count of standing people (candidate states five standing adults; image shows four standing, one seated); misdescription of a seated person as standing; inaccurate object details (e.g., 'five distinct individuals are standing' contradicts the seated person)",dual_api_qwen_generate_glm_visual_review_non_independent,False
PHL1800_HL_0045,F1379,PHL1800_HL_0045.png,HL Dataset,positive,revise,The candidate incorrectly claims two people hold umbrellas; the image shows two people standing near the steps without umbrellas.,dual_api_qwen_generate_glm_visual_review_non_independent,False
PHL1800_HL_0046,F0241,PHL1800_HL_0046.png,HL Dataset,positive,revise,"Incorrect count of people at the table (described as two, but three are visible: one in yellow shirt, one in white tank top, and one in red stroller); inaccurate clock time (minute hand is between 4 and 5, hour hand is just past 1, but the candidate states 1:24 which misplaces the hour hand); text on the clock is 'Birks' not 'Birks' (candidate has a typo); the person raising arms is one individual, not two; the stroller is partially visible but not explicitly described as holding a person; the pedestrian in the background is wearing a blue top, but the candidate's action description is accurate.",dual_api_qwen_generate_glm_visual_review_non_independent,False
PHL1800_HL_0048,F0056,PHL1800_HL_0048.png,HL Dataset,positive,revise,"Incorrect count of pedestrians: candidate claims two pedestrians on the left sidewalk, but only one is visible; one pedestrian near the tower base is correctly noted.",dual_api_qwen_generate_glm_visual_review_non_independent,False
PHL1800_HL_0051,F0130,PHL1800_HL_0051.png,HL Dataset,positive,revise,Object count for motorcyclists is inaccurate; the candidate claims 'at least seven distinct motorcyclists' but only five are clearly visible. The clock time is misstated as 'approximately 10:10'—the hands appear closer to 10:15. The blue truck is described as 'pickup-style' but is a larger utility truck with a covered bed.,dual_api_qwen_generate_glm_visual_review_non_independent,False
PHL1800_HL_0052,F0498,PHL1800_HL_0052.png,HL Dataset,positive,revise,The candidate incorrectly claims two people are visible behind the gallery balustrade; the image shows no discernible human figures in that area.,dual_api_qwen_generate_glm_visual_review_non_independent,False
PHL1800_HL_0060,F0066,PHL1800_HL_0060.png,HL Dataset,positive,revise,Incorrect count of people (candidate states 'approximately eight' but image shows seven distinct individuals); 'Tiger' brand name on clock is not visible; 'red second hand' on clock is not visible; 'blue denim shirt over dark undershirt' is inaccurate (rightmost adult wears a grayish-blue shirt without visible undershirt); 'child wearing white short-sleeved shirt with small pink polka dots and lime-green shorts' is inaccurate (the child wears a white shirt with small dark dots and yellow shorts),dual_api_qwen_generate_glm_visual_review_non_independent,False
PHL1800_HL_0062,F0482,PHL1800_HL_0062.png,HL Dataset,positive,revise,"Incorrect count of women in the object list (described as three walking together, but the image shows multiple separate women, not a single group of three); the silver car is not clearly visible and may be hallucinated; the ox’s action is misdescribed (hooves are not raised, it is standing still); the man’s action is misdescribed (he is not sorting beans, just sitting with them)",dual_api_qwen_generate_glm_visual_review_non_independent,False
PHL1800_HL_0065,F1259,PHL1800_HL_0065.png,HL Dataset,positive,revise,"Incorrect count of pedestrians (described as three walking together, but image shows multiple individuals not clearly grouped as a single trio); 'one holding a camera' is unsupported; 'red car stopped at intersection' is inaccurate (car is parked, not stopped at intersection); 'another dark vehicle partially visible behind it' is vague and may not be distinct; 'three pedestrians' count is not verified; 'camera' action is not visible; 'red car stopped' is incorrect (car is parked, not stopped at intersection)",dual_api_qwen_generate_glm_visual_review_non_independent,False
PHL1800_HL_0067,F1192,PHL1800_HL_0067.png,HL Dataset,positive,revise,Incorrect count of sheep (8 vs actual 7); incorrect count of people in foreground (11 vs actual 10); inaccurate description of the green structure (crane vs likely flagpole); unsupported claim about numbered tags on sheep; inaccurate description of the adult in white coat (clipboard vs no visible clipboard),dual_api_qwen_generate_glm_visual_review_non_independent,False
PHL1800_HL_0068,F0665,PHL1800_HL_0068.png,HL Dataset,positive,revise,"Incorrect count of visible individuals (candidate states at least nine, but image shows more than nine distinct people)",dual_api_qwen_generate_glm_visual_review_non_independent,False
PHL1800_HL_0069,F1115,PHL1800_HL_0069.png,HL Dataset,positive,revise,Incorrect count of people: candidate claims 'at least six distinct individuals' but image shows five visible people; revise to match visual count.,dual_api_qwen_generate_glm_visual_review_non_independent,False
PHL1800_HL_0071,F0483,PHL1800_HL_0071.png,HL Dataset,positive,revise,"Incorrect count of people: candidate states three people walking, but image shows two women walking and one man standing near the tower; seated person count is unclear but not three walking. Incorrect object count: candidate claims fifteen café chairs, but image shows approximately twelve visible chairs. Inaccurate action description: candidate describes a man in a striped shirt standing near the tower’s archway, but the man near the archway wears a dark shirt, not striped. Inaccurate color description: candidate mentions a man in dark clothing walking behind two women, but no such person is visible; the man near the archway is standing, not walking.",dual_api_qwen_generate_glm_visual_review_non_independent,False
PHL1800_HL_0073,F0419,PHL1800_HL_0073.png,HL Dataset,positive,revise,The candidate incorrectly states the clock tower model has four clock faces (only two are visible); the woman is not holding a folded umbrella; the group walking past the yellow booth is miscounted as at least seven (fewer are visible); the second bus's text is misread as 'SPIDER-M...' (it is 'SPIDER-T...' or similar); the woman's coat color is misdescribed as beige (it appears light-colored but not definitively beige),dual_api_qwen_generate_glm_visual_review_non_independent,False
PHL1800_HL_0076,F1604,PHL1800_HL_0076.png,HL Dataset,positive,revise,"Incorrect count of people: candidate states 'at least five individuals' but image shows four distinct people; one person on the right is holding a device, not two separate individuals.",dual_api_qwen_generate_glm_visual_review_non_independent,False
PHL1800_HL_0082,F0230,PHL1800_HL_0082.png,HL Dataset,positive,revise,"Incorrect count of people (at least 27 distinct individuals) not visually verifiable; some actions (e.g., 'handing something to another') lack clear visual support; 'open SUV trunk' is not visible in the image.",dual_api_qwen_generate_glm_visual_review_non_independent,False
PHL1800_HL_0091,F0478,PHL1800_HL_0091.png,HL Dataset,positive,revise,"Incorrect count of people: candidate states seven distinct individuals but image shows six (two foreground players, one crouching near wall, two near left doorway, one on balcony right side, one partially visible behind central player). | Incorrect object color: candidate describes a red basketball but image shows a brown basketball.",dual_api_qwen_generate_glm_visual_review_non_independent,False
PHL1800_HL_0093,F1122,PHL1800_HL_0093.png,HL Dataset,positive,revise,"Object count error: at least 11 distinct individuals visible, not 9; pink umbrella is a tent, not an umbrella; spray can label color is not clearly red; some actions (e.g., ""two folding chairs are placed near the table, one occupied"") are not fully supported by visual evidence.",dual_api_qwen_generate_glm_visual_review_non_independent,False
PHL1800_HL_0094,F0622,PHL1800_HL_0094.png,HL Dataset,positive,revise,Incorrect count of people (at least seven vs. actual visible individuals) and misdescription of seating arrangement on the foreground motorcycle; object details like the green sign’s pictogram and van text are partially hallucinated; philosophy interpretations include unsupported symbolic mappings.,dual_api_qwen_generate_glm_visual_review_non_independent,False
PHL1800_HL_0097,F1749,PHL1800_HL_0097.png,HL Dataset,positive,revise,"Incorrect count of people: candidate claims three people, but image shows two distinct figures (one walking with a bicycle, one further back)",dual_api_qwen_generate_glm_visual_review_non_independent,False
PHL1800_HL_0105,F0745,PHL1800_HL_0105.png,HL Dataset,positive,revise,Incorrect count of people behind the railing (3 vs 2 visible); inaccurate description of the airborne surfer (board not visible); unsupported claim of four other individuals in the water (actual count is 3),dual_api_qwen_generate_glm_visual_review_non_independent,False
PHL1800_HL_0107,F1120,PHL1800_HL_0107.png,HL Dataset,positive,revise,Incorrect count of elephants (24 vs actual ~30+); human figure description lacks clarity on visibility; philosophy interpretations include unsupported symbolic mappings and concept IDs.,dual_api_qwen_generate_glm_visual_review_non_independent,False
PHL1800_HL_0119,F0368,PHL1800_HL_0119.png,HL Dataset,positive,revise,"Incorrect count of people (at least 12 vs. actual ~15+ visible individuals); misdescription of text ('DESIGN JUT-FIT by GOD' is not visible, 'TIGERS IN THIS TANK' is not confirmed); inaccurate object details (second bus color/purple roof not clearly visible); unsupported claims about 'partial lettering' and 'reversed text' without visual evidence.",dual_api_qwen_generate_glm_visual_review_non_independent,False
PHL1800_HL_0120,F0115,PHL1800_HL_0120.png,HL Dataset,positive,revise,"The object caption incorrectly states 'at least nine distinct spectators'—the image shows 8 visible spectators, not 9.",dual_api_qwen_generate_glm_visual_review_non_independent,False
PHL1800_HL_0129,F1160,PHL1800_HL_0129.png,HL Dataset,positive,revise,"Incorrect count of people: candidate states 'at least six distinct individuals' but only five are visually distinguishable (central woman, left gesturing woman, right man, person behind her in pink/red jacket, person in blue behind left woman); yellow umbrella far left is held by the left gesturing woman, not a separate individual.",dual_api_qwen_generate_glm_visual_review_non_independent,False
PHL1800_HL_0130,F1654,PHL1800_HL_0130.png,HL Dataset,positive,revise,"Incorrect count of people (9 claimed, actual 8 visible); misdescription of child's action (crouching vs. standing); inaccurate object details (Dr Pepper machine color, bicycle count)",dual_api_qwen_generate_glm_visual_review_non_independent,False
PHL1800_HL_0150,F0811,PHL1800_HL_0150.png,HL Dataset,positive,revise,Incorrect count of people (four vs. five visible individuals); inaccurate description of the woman’s position (sitting vs. standing); mischaracterization of the blue folder (unreadable text vs. solid color); missing details about the fifth person’s partial visibility; overstatement of the statue’s color (green patinated vs. green),dual_api_qwen_generate_glm_visual_review_non_independent,False
PHL1800_HL_0161,F1445,PHL1800_HL_0161.png,HL Dataset,positive,revise,Incorrect count of people in action and object captions; action description of 'two standing in waist-deep water' is inaccurate as individuals are in deeper water; object caption's 'two additional figures' misrepresents the count and positions of people behind the wave.,dual_api_qwen_generate_glm_visual_review_non_independent,False
PHL1800_HL_0162,F1767,PHL1800_HL_0162.png,HL Dataset,positive,revise,Candidate incorrectly claims two motorcyclists on one motorcycle; image shows one motorcyclist on a motorcycle and another separate rider. Candidate misdescribes the mirror text as 'POT' instead of 'STOP' (inverted). Candidate overstates pedestrian count (no pedestrians visible). Candidate misidentifies a green traffic light as visible behind handlebars (no green light is visible). Candidate incorrectly states two riders on one motorcycle in the background.,dual_api_qwen_generate_glm_visual_review_non_independent,False
PHL1800_HL_0169,F0266,PHL1800_HL_0169.png,HL Dataset,positive,revise,"Object count for people is incorrect: candidate claims 'at least seven people' but only 4 are visible (3 lower left, 1 near giraffe base)",dual_api_qwen_generate_glm_visual_review_non_independent,False
PHL1800_HL_0171,F1262,PHL1800_HL_0171.png,HL Dataset,positive,revise,Incorrect count of people: candidate claims 'at least seven people including one child' but image shows six adults and no visible child; 'child seated on railing' is not present.,dual_api_qwen_generate_glm_visual_review_non_independent,False
PHL1800_HL_0172,F0780,PHL1800_HL_0172.png,HL Dataset,positive,revise,"Incorrect vehicle type: red car is two-wheeled, not three-wheeled; wrong license plate number for black scooter; overcounted people (4 vs. 4 visible but misdescribed); inaccurate object details (scooter colors, cargo bag color)",dual_api_qwen_generate_glm_visual_review_non_independent,False
PHL1800_HL_0178,F0633,PHL1800_HL_0178.png,HL Dataset,positive,revise,"Incorrect count of people: candidate states 'at least four distinct individuals' but image shows three visible people (one left, two center-right). | Candidate claims 'potted plants' but no plants are visible; only a globe and a green pot are present.",dual_api_qwen_generate_glm_visual_review_non_independent,False
PHL1800_HL_0179,F1036,PHL1800_HL_0179.png,HL Dataset,positive,revise,"Incorrect count of people: candidate states 'at least nine distinct individuals' but image shows 10 visible people (1 behind barrier, 7 clustered, 2 walking past). | Action description for the person behind the barrier is inaccurate: candidate says 'one person in a striped tank top and white shorts stands alone behind the red barrier' but the person behind the barrier wears a light top and dark shorts, not a striped tank top and white shorts.",dual_api_qwen_generate_glm_visual_review_non_independent,False
PHL1800_HL_0182,F0551,PHL1800_HL_0182.png,HL Dataset,positive,revise,"The target subject incorrectly describes the handheld object as a ""hard drive""; it is a mobile phone. The ""third person"" count is accurate but their description as ""seated behind them"" is vague—clarify as ""seated in the background"". The ""white CRT monitor"" is misidentified; it is a CRT monitor but its color is not clearly white. The ""stack of three books"" is unsupported—only one box is visible behind the laptop.",dual_api_qwen_generate_glm_visual_review_non_independent,False
PHL1800_HL_0183,F1562,PHL1800_HL_0183.png,HL Dataset,positive,revise,Incorrect count of people (approximately 12 vs. 8-10 visible); inaccurate description of the boy in the immediate foreground (sleeves rolled up vs. long sleeves); unsupported claim about a boy raising both hands in the background; unclear bottle labeling (faint blue vs. no visible labeling),dual_api_qwen_generate_glm_visual_review_non_independent,False
PHL1800_HL_0185,F0692,PHL1800_HL_0185.png,HL Dataset,positive,revise,"Incorrect count of people (14 vs. actual ~12 visible); 'Beta D' poster text is not clearly legible; some object descriptions lack visual confirmation (e.g., 'two slices' on a plate)",dual_api_qwen_generate_glm_visual_review_non_independent,False
PHL1800_HL_0192,F0225,PHL1800_HL_0192.png,HL Dataset,positive,revise,Incorrect count of people behind the central man: candidate states 'at least seven other individuals' but visual inspection shows fewer distinct figures; 'two indistinct figures further back' is unsupported as they are not clearly distinguishable as separate people.,dual_api_qwen_generate_glm_visual_review_non_independent,False
PHL1800_HL_0197,F1341,PHL1800_HL_0197.png,HL Dataset,positive,revise,"Incorrect count of people near the bus (candidate states three, but image shows two distinct individuals on the sidewalk and one partially visible inside the doorway, totaling three but with unclear separation of the two sidewalk figures as separate entities)",dual_api_qwen_generate_glm_visual_review_non_independent,False
PHL1800_HL_0201,F1796,PHL1800_HL_0201.png,HL Dataset,positive,revise,Incorrect count of people (14 vs. 13 visible); cane description is unsupported; some object details are inaccurate.,dual_api_qwen_generate_glm_visual_review_non_independent,False
PHL1800_HL_0207,F1456,PHL1800_HL_0207.png,HL Dataset,positive,revise,The candidate incorrectly states 'four distinct pedestrians' when only two are clearly visible; the background bus's side text is not 'illegible due to distance and angle' but simply not legible in the image; the foreground bus's license plate is not 'TT-871-SF' (the plate is visible but the text is not clearly readable as that specific sequence); the action claim 'some holding bags or wearing backpacks' is unsupported as no bags/backpacks are visible on the pedestrians.,dual_api_qwen_generate_glm_visual_review_non_independent,False
PHL1800_HL_0219,F0367,PHL1800_HL_0219.png,HL Dataset,positive,revise,"Wrong count of pedestrians: candidate states four, but image shows five; license plate text in object descriptions is hallucinated; 'motion blur on motorcycle wheels' is inaccurate as wheels are not blurred; 'uniformed police motorcycles' lacks visual confirmation of uniform details.",dual_api_qwen_generate_glm_visual_review_non_independent,False
PHL1800_HL_0220,F1460,PHL1800_HL_0220.png,HL Dataset,positive,revise,"Incorrect count of people: candidate states six visible individuals but image shows five (three nurses, two patients). | Candidate describes a nurse leaning over a patient in the background, but no such action is visible; the background figure is standing near a bed, not leaning.",dual_api_qwen_generate_glm_visual_review_non_independent,False
PHL1800_HL_0224,F0102,PHL1800_HL_0224.png,HL Dataset,positive,revise,"The count of 'at least 22 distinct individuals' is unsupported; the image shows fewer clearly identifiable people, and the background clusters are partially obscured, making an exact count unreliable.",dual_api_qwen_generate_glm_visual_review_non_independent,False
PHL1800_HL_0226,F0073,PHL1800_HL_0226.png,HL Dataset,positive,revise,Incorrect count of pedestrians: candidate claims 'two near Starbucks' and 'four near blue awning' but image shows one person near Starbucks and no group of four near a blue awning; only one pedestrian is clearly visible on the right sidewalk.,dual_api_qwen_generate_glm_visual_review_non_independent,False
PHL1800_HL_0246,F0791,PHL1800_HL_0246.png,HL Dataset,positive,revise,"Object count error: six pedestrians miscounted as at least six (actual visible pedestrians are fewer and less distinct); horse color description inaccurate (all horses appear chestnut-brown, not two chestnut-brown and one slightly darker); action description overstates horse movement (rightmost horse’s leg position is not clearly mid-step)",dual_api_qwen_generate_glm_visual_review_non_independent,False
PHL1800_HL_0251,F1477,PHL1800_HL_0251.png,HL Dataset,positive,revise,Object count of 27 distinct individuals is unsupported; visible pedestrians are fewer and less clearly distinguishable than claimed.,dual_api_qwen_generate_glm_visual_review_non_independent,False
PHL1800_HL_0255,F0731,PHL1800_HL_0255.png,HL Dataset,positive,revise,Object caption incorrectly states 'at least eleven individuals' when the image shows fewer spectators; the count should be adjusted to match visible people.,dual_api_qwen_generate_glm_visual_review_non_independent,False
PHL1800_HL_0258,F0558,PHL1800_HL_0258.png,HL Dataset,positive,revise,Object count for spectators is inaccurate; the image shows more than 14 spectators.,dual_api_qwen_generate_glm_visual_review_non_independent,False
PHL1800_HL_0261,F1372,PHL1800_HL_0261.png,HL Dataset,positive,revise,Incorrect count of motorcycle riders (12 vs. actual ~15+ visible); inaccurate description of the person in the orange vest (holding an object vs. standing without one); unsupported claim of a black sedan with flashing lights behind the leftmost motorcycle (no such vehicle visible),dual_api_qwen_generate_glm_visual_review_non_independent,False
PHL1800_HL_0263,F0553,PHL1800_HL_0263.png,HL Dataset,positive,revise,"Incorrect count of people (28 vs. actual ~20), misdescription of biplane details (e.g., 'rotary engine with exposed cylinders' not clearly visible), and unsupported claims about 'canvas-covered cab roof' and 'spare tire on truck'",dual_api_qwen_generate_glm_visual_review_non_independent,False
PHL1800_HL_0266,F0409,PHL1800_HL_0266.png,HL Dataset,positive,revise,"The object count for people is inaccurate: the candidate claims 16 people, but the image shows fewer distinct individuals (approximately 10–12 visible behind barriers plus 2 handlers, totaling ~12–14). The description of the man in the dark suit as wearing sunglasses is unsupported (no sunglasses are visible). The claim that the left horse has ""white feathered leg wraps"" is incorrect—Clydesdales have natural white feathering on lower legs, not wraps.",dual_api_qwen_generate_glm_visual_review_non_independent,False
PHL1800_HL_0267,F0774,PHL1800_HL_0267.png,HL Dataset,positive,revise,"Incorrect count of horses pulling the central carriage (candidate states four, image shows two); inaccurate description of carriage type (candidate says open-top, image shows enclosed); mischaracterization of officer actions (candidate says one holds gloves, image shows two officers with gloves); overstatement of rider count near carriage rear (candidate says two, image shows one visible rider)",dual_api_qwen_generate_glm_visual_review_non_independent,False
PHL1800_HL_0269,F1398,PHL1800_HL_0269.png,HL Dataset,positive,revise,"Incorrect count of children (12 claimed, but visual inspection shows fewer distinct individuals); unsupported claim of umbrellas (none visible); inaccurate object description of tents (structures appear as canopies, not tents)",dual_api_qwen_generate_glm_visual_review_non_independent,False
PHL1800_HL_0272,F0390,PHL1800_HL_0272.png,HL Dataset,positive,revise,"Incorrect count of people: image shows 6 individuals (4 adults in uniform, 2 children), not 7; one adult in background is partially obscured but visible, not missing.",dual_api_qwen_generate_glm_visual_review_non_independent,False
PHL1800_HL_0273,F0539,PHL1800_HL_0273.png,HL Dataset,positive,revise,"Incorrect count of onlookers (candidate states 14, actual count is 11 visible individuals)",dual_api_qwen_generate_glm_visual_review_non_independent,False
PHL1800_HL_0274,F0243,PHL1800_HL_0274.png,HL Dataset,positive,revise,"Incorrect count of people: candidate states 'three distinct human figures' but image shows two; 'one near left nose gear' is not visible, only a cart is present there.",dual_api_qwen_generate_glm_visual_review_non_independent,False
PHL1800_HL_0278,F1717,PHL1800_HL_0278.png,HL Dataset,positive,revise,"Incorrect count of people (candidate states seven, image shows six visible individuals); object description of 'name tape reading MARTIN' is not clearly visible in the image.",dual_api_qwen_generate_glm_visual_review_non_independent,False
PHL1800_HL_0280,F0908,PHL1800_HL_0280.png,HL Dataset,positive,revise,"Incorrect count of people: candidate states 'at least nine people' but image shows 11 people (3 youths, 1 judge, 2 adults behind fence, 5 spectators on bleachers); 'four spectators on bleachers' is inaccurate.",dual_api_qwen_generate_glm_visual_review_non_independent,False
PHL1800_HL_0282,F1571,PHL1800_HL_0282.png,HL Dataset,positive,revise,"Incorrect count of motorcycle riders (candidate states 8 distinct riders; image shows at least 10 riders in motion) and spectators (candidate states at least 12; image shows approximately 10-12 spectators, but count is ambiguous due to partial visibility). | Candidate claims a white pickup truck is labeled 'SERVICE' and 'MEDIC'; the text on the truck is not legible in the image, so this is unsupported.",dual_api_qwen_generate_glm_visual_review_non_independent,False
PHL1800_HL_0287,F1486,PHL1800_HL_0287.png,HL Dataset,positive,revise,"Incorrect count of people (14 vs. actual ~12) and sheep (6 vs. actual ~5); 'Hood River' sign is not clearly legible; some action descriptions misrepresent postures (e.g., 'gripping hindquarters' not visually confirmed); philosophy interpretations include unsupported claims (e.g., 'intergenerational epistemic transfer' without clear evidence)",dual_api_qwen_generate_glm_visual_review_non_independent,False
PHL1800_HL_0297,F1158,PHL1800_HL_0297.png,HL Dataset,positive,revise,"The object count for the crowd is unsupported; the image shows a crowd but not 42 distinct individuals. The banner text is misdescribed as ""SKATE""—the visible text is ""SESSION"".",dual_api_qwen_generate_glm_visual_review_non_independent,False
PHL1800_HL_0298,F0347,PHL1800_HL_0298.png,HL Dataset,positive,revise,"The count of riders is incorrect; there are 11 distinct riders visible, not 12. The candidate incorrectly states 'exactly 12 distinct riders' in the object caption.",dual_api_qwen_generate_glm_visual_review_non_independent,False
PHL1800_HL_0301,F1144,PHL1800_HL_0301.png,HL Dataset,positive,revise,Object count for spectators is incorrect; the candidate claims at least six spectators but the image shows fewer discernible individuals.,dual_api_qwen_generate_glm_visual_review_non_independent,False
PHL1800_HL_0302,F0212,PHL1800_HL_0302.png,HL Dataset,positive,revise,"Incorrect count of people (candidate states 'at least eight individuals' but image shows fewer distinct individuals); inaccurate description of a person holding a bicycle handlebar (no one is holding a handlebar in the image); mischaracterization of the second skateboarder's board size (board size is not visually distinguishable as 'smaller'); object description of the chair's occupant's attire is inaccurate (occupant wears a red top, not dark sleeveless)",dual_api_qwen_generate_glm_visual_review_non_independent,False
PHL1800_HL_0303,F1097,PHL1800_HL_0303.png,HL Dataset,positive,revise,"Incorrect count of people near the port-side crew hatch (candidate states seven, but visual inspection shows six distinct individuals)",dual_api_qwen_generate_glm_visual_review_non_independent,False
PHL1800_HL_0304,F1665,PHL1800_HL_0304.png,HL Dataset,positive,revise,"Incorrect count of athletes (7 vs. 6 visible); bib numbers 24 and two unreadable are not all visible; rifles are not clearly visible on all athletes; spectators/officials are not visible in the background; some action details (e.g., mouth open, arms raised) are not universally applicable to all athletes; philosophy interpretations include unsupported claims (e.g., 'institutional constraint' without clear visual basis)",dual_api_qwen_generate_glm_visual_review_non_independent,False
PHL1800_HL_0305,F1028,PHL1800_HL_0305.png,HL Dataset,positive,revise,Object count: 21 distinct individuals is incorrect; actual count is approximately 15 visible skiers. Bib numbers: '40' is not visible; '3' is not clearly legible on a black-and-orange suit. Rationale: 'mass-start race' is an unsupported causal claim; the image shows a tight pack but does not confirm mass-start format.,dual_api_qwen_generate_glm_visual_review_non_independent,False
PHL1800_HL_0307,F0773,PHL1800_HL_0307.png,HL Dataset,positive,revise,Incorrect count of background individuals (14 vs. actual ~15+); midground skier bib number misstated (1 vs. actual unreadable); red object description lacks clarity on visibility; philosophy interpretations include unsupported claims about institutional context and existential effort.,dual_api_qwen_generate_glm_visual_review_non_independent,False
PHL1800_HL_0309,F0202,PHL1800_HL_0309.png,HL Dataset,positive,revise,Incorrect count of players: candidate states six but image shows five; misdescribes pink-jerseyed players as five (actually three) and yellow-jerseyed as two (actually two) with conflicting details; misidentifies a player’s headband color (pink instead of black) and misstates a player’s hair/headband presence.,dual_api_qwen_generate_glm_visual_review_non_independent,False
PHL1800_HL_0310,F1278,PHL1800_HL_0310.png,HL Dataset,positive,revise,"Incorrect count of horses (3 claimed, 2 visible); incorrect bicycle handlebar type (drop handlebars claimed, upright handlebars visible); unsupported claim of 'handling a rope or harness' (no visual evidence); inaccurate text transcription ('SEP. 110' misread as 'SEP. 110' instead of 'GRADE SEP. 110')",dual_api_qwen_generate_glm_visual_review_non_independent,False
PHL1800_HL_0314,F1711,PHL1800_HL_0314.png,HL Dataset,positive,revise,"Incorrect count of pedestrians (candidate states four, image shows five); misdescription of a person's action (candidate says 'holding bicycle handlebar' but no bicycle is visible); inaccurate object details (traffic cones are red-and-white, not orange; car is red-and-white, not red sedan with white roof); unsupported claim about road work cause (no evidence of workers/equipment)",dual_api_qwen_generate_glm_visual_review_non_independent,False
PHL1800_HL_0315,F0749,PHL1800_HL_0315.png,HL Dataset,positive,revise,"The object caption incorrectly describes a pedestrian as 'seated on the motorcycle'—the motorcyclist is the rider, not a separate pedestrian; correct to 'A pedestrian wearing a bright yellow high-visibility jacket, white helmet with black visor, and dark trousers riding the motorcycle.' | The object caption for the bus incorrectly states 'red rear lights illuminated'—the bus's rear lights are not visible in the image; remove this detail.",dual_api_qwen_generate_glm_visual_review_non_independent,False
PHL1800_HL_0317,F1328,PHL1800_HL_0317.png,HL Dataset,positive,revise,Object caption 5 incorrectly counts seven individuals; image shows six distinct people. Action caption 1 incorrectly claims the umbrella covers two people; only the holder is under it. Object caption 3 incorrectly describes a closed transparent umbrella; the man holds a folded white umbrella.,dual_api_qwen_generate_glm_visual_review_non_independent,False
PHL1800_HL_0318,F0616,PHL1800_HL_0318.png,HL Dataset,positive,revise,Incorrect count of people in yellow vehicle: candidate claims 'at least two people' but only one is visible; 'passenger(s) visible in open rear section' is unsupported as no passengers are clearly visible in the truck's cargo area.,dual_api_qwen_generate_glm_visual_review_non_independent,False
PHL1800_HL_0323,F0521,PHL1800_HL_0323.png,HL Dataset,positive,revise,"Incorrect count of pedestrians: candidate claims three distinct pedestrians, but only two are visible on the left sidewalk; the person near the clock tower is not clearly distinguishable as a separate individual.",dual_api_qwen_generate_glm_visual_review_non_independent,False
PHL1800_HL_0324,F0373,PHL1800_HL_0324.png,HL Dataset,positive,revise,"Candidate overcounts pedestrians (claims 'at least 12 distinct individuals' but only ~5 are visible in the distance); misidentifies a flag as the Union Jack (no clear blue field with red/white crosses is visible); incorrectly states 'three other buses' (only one additional red double-decker is clearly visible, others are obscured or not buses); claims 'destination display lit but unreadable' but the sign is not lit, just a printed destination; misdescribes the interior as having 'light-colored countertops' (they are white, but the claim is not a major error)",dual_api_qwen_generate_glm_visual_review_non_independent,False
PHL1800_HL_0325,F1532,PHL1800_HL_0325.png,HL Dataset,positive,revise,"Incorrect count of pedestrians (at least 18 visible individuals) in rationale; actual count is lower and not clearly verifiable from image | Utility box description includes 'beige' but image shows yellow and white stripes; color detail inaccurate | Motorized scooter description includes 'red helmet resting on its handlebars' which is not clearly visible in the image | Philosophy interpretations contain unsupported symbolic mappings (e.g., 'shade as temporary refuge from exposure' and 'unattended bikes as trust in public space') not directly observable | Rationale claim about 'driver visible through windshield' in silver sedan is not clearly supported by visual evidence",dual_api_qwen_generate_glm_visual_review_non_independent,False
PHL1800_HL_0327,F1425,PHL1800_HL_0327.png,HL Dataset,positive,revise,"The target subject incorrectly describes the group as a 'family of three'—the image shows three people (one child, two adults) but no explicit family relationship is verifiable; the count is correct but the relationship claim is unsupported.",dual_api_qwen_generate_glm_visual_review_non_independent,False
PHL1800_HL_0328,F1347,PHL1800_HL_0328.png,HL Dataset,positive,revised_by_audit_visual_inspection,Previous fallback annotation described a different image; all semantic annotation fields were replaced after direct inspection of the mapped image.,ai_agent_direct_visual_reannotation_after_audit_non_independent,False
PHL1800_HL_0332,F1619,PHL1800_HL_0332.png,HL Dataset,positive,revise,"Incorrect count of pedestrians (seven vs. actual visible individuals); traffic light color descriptions in object section are inaccurate; some object details (e.g., bus exhaust stacks) are not clearly visible.",dual_api_qwen_generate_glm_visual_review_non_independent,False
PHL1800_HL_0339,F0968,PHL1800_HL_0339.png,HL Dataset,positive,revise,"Incorrect count of motorcyclists (candidate claims at least seven, but visual inspection shows fewer distinct riders); inaccurate description of the person in turquoise shirt (candidate says they carry a yellow bag over their left shoulder, but the image shows a yellow bag in their right hand); the dark blue truck is described as having a person seated inside, but no such person is visible; the black umbrella is described as being held over a stall with two people interacting, but the image shows a stall with an umbrella and multiple people, not specifically two; the candidate’s philosophy interpretations include unsupported claims about the number ‘9’ and the bus interior framing.",dual_api_qwen_generate_glm_visual_review_non_independent,False
PHL1800_HL_0345,F1360,PHL1800_HL_0345.png,HL Dataset,positive,revise,Candidate incorrectly states six pedestrians; image shows five. Candidate incorrectly describes a blue pickup as a blue sedan. Candidate incorrectly claims five manhole covers; image shows four.,dual_api_qwen_generate_glm_visual_review_non_independent,False
PHL1800_HL_0347,F1772,PHL1800_HL_0347.png,HL Dataset,positive,revise,Incorrect count of pedestrians: candidate states 'three pedestrians on the left sidewalk' but image shows at least four distinct individuals on sidewalks; 'one person in dark clothing near bus' is not clearly visible as a separate entity from other pedestrians.,dual_api_qwen_generate_glm_visual_review_non_independent,False
PHL1800_HL_0351,F1664,PHL1800_HL_0351.png,HL Dataset,positive,revise,"Incorrect count of people in the white van (described as one driver but two are visible in the mirror reflection); inaccurate color of the bus (green instead of dark green/gray); missing text details on the white van (partial branding and sticker); unsupported claim about the driver’s hands (no clear visual evidence of hands near the steering wheel); overinterpretation of the spare tire text (only 'PUR' is visible, not full context)",dual_api_qwen_generate_glm_visual_review_non_independent,False
PHL1800_HL_0352,F0192,PHL1800_HL_0352.png,HL Dataset,positive,revise,"Incorrect license plate text: 'H-10-E' should be 'H-10-18' (visible in image). | Inaccurate driver description: driver wears a dark shirt, not blue short-sleeved; left arm on window frame is plausible but not confirmed as 'resting'. | Missing person count: at least 6 people (2 on rear, 4+ inside) should be specified instead of 'at least four passengers'. | Redundant object description: 'metal step platform with two horizontal bars and a vertical support bar' is already covered by 'rear bumper has a metal step platform'. | Philosophy interpretation P2's smoke source is unsupported; 'labor_technology' and 'ethics_responsibility' are overreaching without clear link to truck.",dual_api_qwen_generate_glm_visual_review_non_independent,False
PHL1800_HL_0353,F1331,PHL1800_HL_0353.png,HL Dataset,positive,revise,"Incorrect count of people (candidate claims 'a second person, partially obscured behind the woman' but no such person is visible); 'cross-legged' is inaccurate (man sits with one leg bent, foot on ground); 'rolled-up blue jeans' is inaccurate (jeans are cuffed above ankle, not rolled); 'pink sandals' is inaccurate (woman wears flip-flops); 'partially obscured' is unsupported (no second person exists)",dual_api_qwen_generate_glm_visual_review_non_independent,False
PHL1800_HL_0356,F0388,PHL1800_HL_0356.png,HL Dataset,positive,revise,"Incorrect count of people (14 vs. actual ~10), misidentified truck brand (WABCO vs. WAF), and inaccurate object details (e.g., white sign text described as unreadable when not visible)",dual_api_qwen_generate_glm_visual_review_non_independent,False
PHL1800_HL_0357,F0138,PHL1800_HL_0357.png,HL Dataset,positive,revise,"The action caption incorrectly states all three traffic light colors are illuminated simultaneously; the image shows red and amber lit on one signal and red and green on the other, not all three colors at once. | The object caption about the sign’s uppermost word being illegible is inaccurate—‘DIXON’S’ is partially visible above ‘LIVE JAZZ’ on the sign.",dual_api_qwen_generate_glm_visual_review_non_independent,False
PHL1800_HL_0359,F0992,PHL1800_HL_0359.png,HL Dataset,positive,revise,Incorrect count of pedestrians (3 described vs 2 visible); inaccurate description of cyclist's attire (helmet not visible); unsupported claim of police vehicle markings; 'driving' text on stop sign is a hallucination; '2008' text on stop sign is a hallucination; 'green trash bin' is not visible; 'small kiosk-like structure' is not clearly identifiable; 'three distinct pedestrians' miscounts visible individuals.,dual_api_qwen_generate_glm_visual_review_non_independent,False
PHL1800_HL_0363,F0034,PHL1800_HL_0363.png,HL Dataset,positive,revise,"Incorrect count of people (candidate states seven, but image shows six distinct individuals)",dual_api_qwen_generate_glm_visual_review_non_independent,False
PHL1800_HL_0365,F0817,PHL1800_HL_0365.png,HL Dataset,positive,revise,"Incorrect count of people (candidate states six, image shows five); misdescription of a woman in red as barefoot (she is wearing shoes); inaccurate claim about five individuals in red (image shows three women in red dresses and two men in suits with no red accents); unsupported claim about a white conical tent (structure is angular, not conical); misattribution of a bouquet to a man (the man walking holds a bouquet, but the claim about ""five individuals wear red garments"" is wrong); inaccurate description of the crouching figure’s action (candidate says ""holds a camera pointed toward the central figures"" but posture does not confirm direction of the camera); unsupported claim about a bride in white (no explicit confirmation of wedding context)",dual_api_qwen_generate_glm_visual_review_non_independent,False
PHL1800_HL_0366,F1576,PHL1800_HL_0366.png,HL Dataset,positive,revise,Incorrect count of children (four vs. three visible); inaccurate description of sheep colors (black-and-brown vs. black); unsupported claim of numbered tags on children; misrepresentation of a child’s obscured status; inaccurate action details for sheep handling.,dual_api_qwen_generate_glm_visual_review_non_independent,False
PHL1800_HL_0370,F0570,PHL1800_HL_0370.png,HL Dataset,positive,revise,"Incorrect count of people (7 vs. 6 actual); 'uniformed man' misdescribes a person in a hat; 'man in suit extending arm' misattributes gesture direction; 'two boys' miscounts children (1 boy, 1 girl); 'third suitcase' misdescribes a bag; 'SABENA' sign is on a window, not mounted; 'DeSoto' badge is not visible; 'black sedan' is dark-colored but not confirmed black; 'rectangular sign' misdescribes the SABENA sign; 'matching suits' misidentifies the boy’s suit as matching the adult’s; 'identical suitcase styles' misstates differences; 'black-and-white medium' is a format, not a visual anchor for philosophy; 'time_mortality' concept is unsupported by visual evidence.",dual_api_qwen_generate_glm_visual_review_non_independent,False
PHL1800_HL_0375,F0958,PHL1800_HL_0375.png,HL Dataset,positive,revise,"Incorrect count of people (9 vs 11 visible); inaccurate object descriptions (e.g., 'green liquid' not visible, 'rectangular sign' misdescribed); unsupported claims about 'shared dishes' and 'performative presence' without visual evidence.",dual_api_qwen_generate_glm_visual_review_non_independent,False
PHL1800_HL_0377,F0374,PHL1800_HL_0377.png,HL Dataset,positive,revise,"Incorrect count of people (candidate states six, but image shows five); object descriptions include a green glass bottle (no green bottle visible, only a clear bottle with a metal cap); a roll of paper towels is not visible in the image.",dual_api_qwen_generate_glm_visual_review_non_independent,False
PHL1800_HL_0379,F1326,PHL1800_HL_0379.png,HL Dataset,positive,revise,"Incorrect count of people in the plaza (5 vs actual 6+), inaccurate description of the cyclist's direction (right to left vs actual left to right), and unsupported claim about the taxi driver being visible.",dual_api_qwen_generate_glm_visual_review_non_independent,False
PHL1800_HL_0380,F0540,PHL1800_HL_0380.png,HL Dataset,positive,revise,"Incorrect count of people (78 vs. actual ~60–65), misdescription of train car count (three vs. two open cars), inaccurate object details (signboard text illegibility claim unsupported, ladder position misstated)",dual_api_qwen_generate_glm_visual_review_non_independent,False
PHL1800_HL_0381,F0530,PHL1800_HL_0381.png,HL Dataset,positive,revise,"Incorrect count of umbrellas (none visible, not 4); inaccurate object description of the van (not green, partially obscured); unsupported claim of phones/cameras being held up (no clear visual evidence)",dual_api_qwen_generate_glm_visual_review_non_independent,False
PHL1800_HL_0384,F0145,PHL1800_HL_0384.png,HL Dataset,positive,revise,"Incorrect count of people (candidate states ~16, actual count is 14 visible adults); object description of the table includes a glass pitcher which is not clearly visible; philosophy interpretation P3's concept_id 'time_mortality' is not strongly supported by visual anchors of age diversity and shared meals alone.",dual_api_qwen_generate_glm_visual_review_non_independent,False
PHL1800_HL_0385,F0405,PHL1800_HL_0385.png,HL Dataset,positive,revise,Object count for human figures in left half is inaccurate; no umbrella is visible in the image; parasol description is incorrect; mounted riders count is overstated; horse-drawn vehicles count is overstated.,dual_api_qwen_generate_glm_visual_review_non_independent,False
PHL1800_HL_0391,F0479,PHL1800_HL_0391.png,HL Dataset,positive,revise,Incorrect count of people: candidate states four people but image shows three; statues are not people.,dual_api_qwen_generate_glm_visual_review_non_independent,False
PHL1800_HL_0392,F1501,PHL1800_HL_0392.png,HL Dataset,positive,revise,Incorrect count of people (67 vs. actual ~50-55 visible); bus shelter interior description misstates number of people (2 vs. 1 visible); object list includes unsubstantiated claims about unreadable text/graphics on shelter panels.,dual_api_qwen_generate_glm_visual_review_non_independent,False
PHL1800_HL_0394,F1701,PHL1800_HL_0394.png,HL Dataset,positive,revise,Object count for people is inaccurate; some actions and objects are misdescribed.,dual_api_qwen_generate_glm_visual_review_non_independent,False
PHL1800_HL_0395,F0433,PHL1800_HL_0395.png,HL Dataset,positive,revise,"Incorrect count of pink taxis (3 claimed, 1 visible); overestimated crowd size (67 claimed, ~30-40 visible); misidentified bus destination display (""148.29"" claimed, actual text unclear); unsupported claim of ""three pink taxis"" and ""67 distinct individuals""; inaccurate object descriptions require correction.",dual_api_qwen_generate_glm_visual_review_non_independent,False
PHL1800_HL_0396,F0658,PHL1800_HL_0396.png,HL Dataset,positive,revise,"Object count for people is incorrect: candidate claims five distinct people, but image shows six visible pedestrians.",dual_api_qwen_generate_glm_visual_review_non_independent,False
PHL1800_HL_0399,F1465,PHL1800_HL_0399.png,HL Dataset,positive,revise,"Incorrect count of pedestrians (at least 14 vs. actual ~15-20 visible); inaccurate object details (red circular 'stop' sign is actually a red circular 'no entry' sign with white horizontal bar); missing visual anchors for philosophy interpretations (e.g., 'man in suit walking toward camera' is not a central figure, 'digital billboard showing indistinct figures' is a curved screen with unclear content)",dual_api_qwen_generate_glm_visual_review_non_independent,False
PHL1800_HL_0404,F0113,PHL1800_HL_0404.png,HL Dataset,positive,revise,Object count for human figures is inaccurate; some vehicles and crane details are misdescribed.,dual_api_qwen_generate_glm_visual_review_non_independent,False
PHL1800_HL_0405,F0077,PHL1800_HL_0405.png,HL Dataset,positive,revise,"Object count for people is inaccurate; the candidate states 'at least 42 distinct individuals' but the image shows approximately 30-35 visible people. The date interpretation 'July 26, 2001' is unsupported; the countdown likely refers to a future Olympic event (e.g., 2012 London Olympics) rather than a past date.",dual_api_qwen_generate_glm_visual_review_non_independent,False
PHL1800_HL_0406,F0765,PHL1800_HL_0406.png,HL Dataset,positive,revise,"Incorrect count of people: candidate claims five distinct human figures, but only four are visible (three near the signal, one walking toward the church); no person holds an umbrella.",dual_api_qwen_generate_glm_visual_review_non_independent,False
PHL1800_HL_0408,F0733,PHL1800_HL_0408.png,HL Dataset,positive,revise,"Incorrect count of people (candidate states 14, actual count is 15 distinct individuals visible); candidate incorrectly describes a UPS drop box as mounted on the building wall (it is a standalone unit on the sidewalk); candidate misstates the traffic signal as having amber lights illuminated (no lights are visibly illuminated)",dual_api_qwen_generate_glm_visual_review_non_independent,False
PHL1800_HL_0410,F0236,PHL1800_HL_0410.png,HL Dataset,positive,revise,"Incorrect count of clock faces (candidate claims four, image shows two); inaccurate action description (clock times are not visually distinct enough to specify 10:10 and 2:50); unsupported claim about 'small signpost with unreadable text' (no such signpost is visible); 'three human figures' count is plausible but not explicitly confirmed by clear visual separation; 'vintage automobile' description is accurate but 'angled toward the right' is not visually verifiable.",dual_api_qwen_generate_glm_visual_review_non_independent,False
PHL1800_HL_0412,F0953,PHL1800_HL_0412.png,HL Dataset,positive,revise,"action caption claims 'at least three human figures' near right sidewalk, but no people are visible in the image; object caption describes 'two palm trees symmetrically on either side of the church’s front approach', but palm trees are not symmetrically placed (one is on the right, another further right, and one on the left)",dual_api_qwen_generate_glm_visual_review_non_independent,False
PHL1800_HL_0414,F1104,PHL1800_HL_0414.png,HL Dataset,positive,revised_by_audit_visual_inspection,Previous fallback annotation described a different image; all semantic annotation fields were replaced after direct inspection of the mapped image.,ai_agent_direct_visual_reannotation_after_audit_non_independent,False
PHL1800_HL_0416,F0011,PHL1800_HL_0416.png,HL Dataset,positive,revise,"Object count for people is inaccurate: the image shows at least 15 distinct individuals, not 14; the candidate undercounts by 1.",dual_api_qwen_generate_glm_visual_review_non_independent,False
PHL1800_HL_0420,F1448,PHL1800_HL_0420.png,HL Dataset,positive,revise,Incorrect count of pedestrians (7 vs 6 visible); no person in orange vest; 'ANGEL' sign text is legible; 'gesturing' action is unsupported; 'melting snow' rationale is speculative; philosophy interpretations overreach visual anchors.,dual_api_qwen_generate_glm_visual_review_non_independent,False
PHL1800_HL_0424,F0973,PHL1800_HL_0424.png,HL Dataset,positive,revise,"The count of skiers is incorrect; there are six visible skiers, not seven. The description of skier attire and bib numbers contains inaccuracies (e.g., no skier with bib 11, and the number of skiers in each suit color is misstated). The object description incorrectly claims 'no footprints are visible' when ski tracks are present.",dual_api_qwen_generate_glm_visual_review_non_independent,False
PHL1800_HL_0432,F0072,PHL1800_HL_0432.png,HL Dataset,positive,revise,"Incorrect count of skiers (candidate claims 18, but image shows ~20+); bib number 35 is not visible; 'BRIO' on bib 10 is not legible; 'FISCHER' branding on skis is not clearly visible; some philosophy interpretations overextend symbolic mapping (e.g., 'parallel tracks as metaphors for divergent yet synchronized life paths' is unsupported)",dual_api_qwen_generate_glm_visual_review_non_independent,False
PHL1800_HL_0434,F0719,PHL1800_HL_0434.png,HL Dataset,positive,revise,"Incorrect count of pedestrians (at least 21 distinct pedestrians described, but visual count shows fewer distinct individuals; some may be grouped incorrectly). | Inaccurate object details (e.g., 'SOGO'/'MITSUKOSHI' signage not visible; 'KANSAI'/'ART' text not clearly legible). | Overly specific color claims (e.g., 'multicolored striped umbrella' with red/white/green/yellow may not match visual details). | Unverified causal claims (e.g., 'high-traffic crossing during daytime hours' lacks explicit time indicators). | Philosophy interpretations include unsupported symbolic mappings (e.g., 'wet pavement as equalizing surface' without clear visual basis).",dual_api_qwen_generate_glm_visual_review_non_independent,False
PHL1800_HL_0439,F1623,PHL1800_HL_0439.png,HL Dataset,positive,revise,Choir count is incorrect (24 vs actual ~20); reclining person is not visible; Christmas tree description is inaccurate; some object details are exaggerated.,dual_api_qwen_generate_glm_visual_review_non_independent,False
PHL1800_HL_0440,F1293,PHL1800_HL_0440.png,HL Dataset,positive,revise,"Incorrect count of pedestrians: candidate claims 'at least four pedestrians' but image shows three distinct figures (central silhouetted person, two on left sidewalk); 'one crouching/sitting' is unsupported as no clear crouching/sitting posture is visible.",dual_api_qwen_generate_glm_visual_review_non_independent,False
PHL1800_HL_0441,F1491,PHL1800_HL_0441.png,HL Dataset,positive,revise,Incorrect count of visible individuals (32 vs. actual ~40+); inaccurate description of chair types (light wood/canvas folding chairs vs. blue plastic); unsupported claim of adults holding cameras/bags; overcounted blue chairs (19 vs. actual ~15),dual_api_qwen_generate_glm_visual_review_non_independent,False
PHL1800_HL_0442,F0999,PHL1800_HL_0442.png,HL Dataset,positive,revise,Incorrect count of pedestrians (at least nine vs. actual visible count); bus number '85' is not visible; 'ONE WAY' sign is partially obscured and not clearly legible; dogs' leash attachment is not confirmed; some action descriptions lack visual support.,dual_api_qwen_generate_glm_visual_review_non_independent,False
PHL1800_HL_0443,F0037,PHL1800_HL_0443.png,HL Dataset,positive,revise,Object count: 6 people claimed but 5 visible; action description of 'one crouching at the rear edge' is unsupported; object description of 'dark blue and red patterned textile' misstates color as dark blue (textile is dark with red/gold patterns),dual_api_qwen_generate_glm_visual_review_non_independent,False
PHL1800_HL_0445,F0353,PHL1800_HL_0445.png,HL Dataset,positive,revise,Incorrect count of pedestrians (candidate states 'approximately 12' but image shows fewer distinct individuals); 'green van' is not visible; 'unreadable portion of side advertisement' is inaccurate as the ad is partially legible; 'driver holding steering wheel' is not visually confirmed.,dual_api_qwen_generate_glm_visual_review_non_independent,False
PHL1800_HL_0449,F1111,PHL1800_HL_0449.png,HL Dataset,positive,revise,"Incorrect count of people (candidate states six, image shows five); object descriptions misidentify clothing colors and positions; philosophy interpretations include unsupported symbolic mappings.",dual_api_qwen_generate_glm_visual_review_non_independent,False
PHL1800_HL_0450,F1053,PHL1800_HL_0450.png,HL Dataset,positive,revise,Object count for people is inaccurate; the candidate claims 14+ individuals but the image shows fewer distinct figures.,dual_api_qwen_generate_glm_visual_review_non_independent,False
PHL1800_HL_0458,F0481,PHL1800_HL_0458.png,HL Dataset,positive,revise,Incorrect count of people (at least 18 vs. actual ~15); misdescription of biplane engine (radial vs. inline); inaccurate object details (fuel tank vs. wooden crates); unsupported action claims (three men jointly working on a fuselage section); philosophy interpretations include speculative symbolic mappings not grounded in visual evidence.,dual_api_qwen_generate_glm_visual_review_non_independent,False
PHL1800_HL_0462,F0005,PHL1800_HL_0462.png,HL Dataset,positive,revise,"Incorrect count of people in the object list (claimed five, actual four visible in mid-ground); ""three orange traffic cones"" is inaccurate (at least two visible, exact count unclear); ""recumbent bicycle"" is a plausible but unconfirmed interpretation of the foreground device; ""yellow balloon"" is a misdescription (appears to be a construction pulley or equipment, not a balloon)",dual_api_qwen_generate_glm_visual_review_non_independent,False
PHL1800_HL_0464,F0084,PHL1800_HL_0464.png,HL Dataset,positive,revise,"Incorrect count of people near the steamroller: two men are visible near the steamroller, not one standing on it and one walking with a tool; the second man near the steamroller is standing, not walking with a tool. The object description of the second vehicle is inaccurate: it is a truck, not partially visible with only a front wheel and chassis—its front is visible, not just a wheel.",dual_api_qwen_generate_glm_visual_review_non_independent,False
PHL1800_HL_0466,F0740,PHL1800_HL_0466.png,HL Dataset,positive,revise,Incorrect count of people (three vs. two visible); inaccurate description of the red umbrella (partially visible vs. positioned behind vendor); unsupported claim of a second child in light clothing partially obscured behind the first child.,dual_api_qwen_generate_glm_visual_review_non_independent,False
PHL1800_HL_0467,F1652,PHL1800_HL_0467.png,HL Dataset,positive,revise,"Incorrect count of background people: candidate states two people, but image shows one person in plaid shirt and another partially visible person in red shirt; total is two, but description of clothing for the second person is inaccurate (no white shorts visible). | Candidate incorrectly claims a person wears 'white shorts'—no such clothing is visible in the image.",dual_api_qwen_generate_glm_visual_review_non_independent,False
PHL1800_HL_0471,F1350,PHL1800_HL_0471.png,HL Dataset,positive,revise,Incorrect count of chefs (3 vs 2 visible) | Incorrect count of pedestrians (4 vs 5 visible) | Incorrect count of bamboo steamers (8 vs 6 visible),dual_api_qwen_generate_glm_visual_review_non_independent,False
PHL1800_HL_0477,F1008,PHL1800_HL_0477.png,HL Dataset,positive,revise,"The candidate incorrectly describes the subject as wearing a ""dark knitted hat""; the subject has dark hair styled in dreadlocks, not a hat. The background silhouette is not a ""second figure"" but a dark object (likely a coat or bag) on a cabinet, not a person.",dual_api_qwen_generate_glm_visual_review_non_independent,False
PHL1800_HL_0481,F1775,PHL1800_HL_0481.png,HL Dataset,positive,revise,"Incorrect count of people: candidate states 'at least six distinct figures' but image shows five workers; 'left cluster of three' is actually two workers, 'right cluster of two' is one worker, plus central figure.",dual_api_qwen_generate_glm_visual_review_non_independent,False
PHL1800_HL_0493,F1756,PHL1800_HL_0493.png,HL Dataset,positive,revise,"Incorrect count of people (candidate states five, but image shows four distinct individuals)",dual_api_qwen_generate_glm_visual_review_non_independent,False
PHL1800_HL_0496,F1590,PHL1800_HL_0496.png,HL Dataset,positive,revise,"The object list incorrectly states 'five distinct individuals' on the sidewalk; the image shows fewer pedestrians, and the description of a person holding a green object is not clearly visible.",dual_api_qwen_generate_glm_visual_review_non_independent,False
PHL1800_HL_0498,F1495,PHL1800_HL_0498.png,HL Dataset,positive,revise,"Incorrect count of people: candidate states five, but image shows four distinct individuals.",dual_api_qwen_generate_glm_visual_review_non_independent,False
PHL1800_HL_0501,F1468,PHL1800_HL_0501.png,HL Dataset,boundary,revise,"Incorrect count of people in background (candidate lists 3 spectators but image shows 5 distinct individuals behind fence); 'red-and-white striped fabric banner' is not visible in image; 'wooden bat' description lacks visual confirmation of material; 'batter mid-swing' action is inaccurate as bat is held in ready position, not mid-swing; 'white rectangular sign with blue text' is misdescribed (actual sign is dark with white text)",dual_api_qwen_generate_glm_visual_review_non_independent,False
PHL1800_HL_0504,F0979,PHL1800_HL_0504.png,HL Dataset,boundary,revise,"Dugout count: 8 individuals (not 7); catcher’s mitt color: black (not black-and-white); bat details: 'EASTON' and 'SPEED' are visible but not explicitly confirmed as text; dugout bats: 2 bats (one red barrel/black handle, one black with white tape) are present but not explicitly described as 'leaning against the railing'",dual_api_qwen_generate_glm_visual_review_non_independent,False
PHL1800_HL_0508,F0154,PHL1800_HL_0508.png,HL Dataset,boundary,revise,"Object caption 1 incorrectly states the scarf is green; the scarf is dark (likely black or dark gray). Object caption 4 incorrectly counts three shrubs; there are two visible shrubs (one near center-right, one farther right). Rationale caption 3 incorrectly claims 'three small leafless shrubs or young conifers' when only two are visible.",dual_api_qwen_generate_glm_visual_review_non_independent,False
PHL1800_HL_0531,F1765,PHL1800_HL_0531.png,HL Dataset,boundary,revise,Incorrect count of people: candidate claims 'at least five other individuals' but only one snowboarder is visible; no other people are present in the image.,dual_api_qwen_generate_glm_visual_review_non_independent,False
PHL1800_HL_0533,F0428,PHL1800_HL_0533.png,HL Dataset,boundary,revise,"Incorrect count of fielders: candidate states four players in white uniforms but image shows three (pitcher, first baseman, shortstop) plus one runner in grey; shortstop is misdescribed as wearing grey uniform when they wear white; runner near second base is misidentified as leading off second base when they are near first base; advertisement banner text is misread as 'MASN HD' when it is 'mash HD'.",dual_api_qwen_generate_glm_visual_review_non_independent,False
PHL1800_HL_0550,F1248,PHL1800_HL_0550.png,HL Dataset,boundary,revise,The candidate incorrectly claims 'three discernible human figures' when no people are visible in the image.,dual_api_qwen_generate_glm_visual_review_non_independent,False
PHL1800_HL_0566,F0309,PHL1800_HL_0566.png,HL Dataset,boundary,revise,Incorrect count of human figures: candidate claims three distinct humans but image shows two visible riders and one person near SUV; revise to two riders and one person near SUV.,dual_api_qwen_generate_glm_visual_review_non_independent,False
PHL1800_HL_0600,F0465,PHL1800_HL_0600.png,HL Dataset,boundary,revise,"Candidate incorrectly states ""at least eleven distinct cattle bodies""; visual count shows fewer (approximately 8–10). Candidate claims ""three additional human figures on horseback"" in background; image shows two. Candidate describes ""a water body visible in the background""; no water is clearly visible, only a dusty enclosure.",dual_api_qwen_generate_glm_visual_review_non_independent,False
PHL1800_MM_0032,F1733,PHL1800_MM_0032.jpg,MM-MoralBench,positive,revise,"Incorrect count of people: there are five girls, not six; speech bubble is above a girl, not the adult woman; some object descriptions are inaccurate (e.g., grey coat is a blue coat, red skirt is a red skirt but paired with a white shirt, not grey coat)",dual_api_qwen_generate_glm_visual_review_non_independent,False
PHL1800_MM_0034,F0897,PHL1800_MM_0034.jpg,MM-MoralBench,positive,revise,"The count of background children is incorrect; the image shows six children in the background, not seven.",dual_api_qwen_generate_glm_visual_review_non_independent,False
PHL1800_MM_0036,F1599,PHL1800_MM_0036.jpg,MM-MoralBench,positive,revise,"The target subject incorrectly describes both individuals as 'children'; the standing figure appears to be an adult (e.g., teacher). The chalkboard text in the object caption contains transcription errors (e.g., '1/2=13 4/-21.5' should be '(12÷13 4/-21.5)' as per the image). The action caption misattributes the speech bubble to the seated child; the bubble originates near the standing child, suggesting they are the speaker.",dual_api_qwen_generate_glm_visual_review_non_independent,False
PHL1800_MM_0098,F0967,PHL1800_MM_0098.jpg,MM-MoralBench,positive,revise,"Apron text misread as 'Garden' instead of 'Chalken'; object descriptions contain minor inaccuracies (e.g., 'stacked pancakes' vs. 'stacked flatbreads'); philosophy interpretations include unsupported symbolic mappings (e.g., striped valance as 'tradition')",dual_api_qwen_generate_glm_visual_review_non_independent,False
PHL1800_MM_0135,F1661,PHL1800_MM_0135.jpg,MM-MoralBench,positive,revised_by_audit_visual_inspection,Previous fallback annotation described a different image; all semantic annotation fields were replaced after direct inspection of the mapped image.,ai_agent_direct_visual_reannotation_after_audit_non_independent,False
PHL1800_MM_0144,F0793,PHL1800_MM_0144.jpg,MM-MoralBench,positive,revised_by_audit_visual_inspection,Previous fallback annotation described a different image; all semantic annotation fields were replaced after direct inspection of the mapped image.,ai_agent_direct_visual_reannotation_after_audit_non_independent,False
PHL1800_MM_0148,F1593,PHL1800_MM_0148.jpg,MM-MoralBench,positive,revise,"Person count is incorrect: 10 people are visible, not 11; the speech bubble text is not part of the image's visual content and should not be included in captions or rationale; the rationale incorrectly claims 'no explicit ritual actions are visible' when people are holding vessels and standing in formation, which are ritual-like actions.",dual_api_qwen_generate_glm_visual_review_non_independent,False
PHL1800_HAIV_0006,F1367,PHL1800_HAIV_0006.png,HAIVMet,positive,revise,Object count of 127 is incorrect; actual count is approximately 150+ distinct heads visible in the image.,dual_api_qwen_generate_glm_visual_review_non_independent,False
PHL1800_HAIV_0040,F0815,PHL1800_HAIV_0040.png,HAIVMet,positive,revise,Incorrect count of children (candidate states 'at least eight' but image shows seven distinct children),dual_api_qwen_generate_glm_visual_review_non_independent,False
PHL1800_HAIV_0060,F0679,PHL1800_HAIV_0060.png,HAIVMet,positive,revise,"Incorrect count of background figures (candidate states 'at least nine' but image shows 10 total background figures including the seated one); 'seated on a low stool or bench' is unsupported (figure is standing with one leg raised); 'one wearing a draped garment' is vague (the figure wears a knee-length dress, not a draped garment); 'parallel floor lines' are horizontal, not parallel in perspective; 'three on left' miscounts (left side has 3 figures: 1 full-body front-facing, 2 rear-facing); 'two mid-center' miscounts (mid-center has 2 figures: 1 draped, 1 standing); 'three right-side rear-facing' miscounts (right side has 3 figures: 2 rear-facing, 1 front-facing)",dual_api_qwen_generate_glm_visual_review_non_independent,False
PHL1800_HAIV_0064,F0606,PHL1800_HAIV_0064.png,HAIVMet,positive,revise,"Incorrect count of human silhouettes (candidate states five, but image shows four distinct silhouettes: two adjacent in Eurasia, one beige in Africa, one white with briefcase near signpost); floating objects misdescribed as three (image shows two white-bordered and one brown-bordered, totaling three, but candidate’s count is correct—no issue here; however, the silhouette count error is critical); signpost text described as 'unreadable script' but candidate’s text is in a non-Latin script (likely Gujarati), which is a factual error in text description; philosophy interpretations include unsupported claims like 'tension between embodied action and inaccessible knowledge' without visual anchors for 'inaccessible knowledge'",dual_api_qwen_generate_glm_visual_review_non_independent,False
PHL1800_HAIV_0091,F0462,PHL1800_HAIV_0091.png,HAIVMet,positive,revise,"Incorrect count of figurine-like objects (candidate states three, but image shows two distinct figurines and one indistinct object, totaling three but with ambiguous classification); ""exactly 73 colored spheres"" is an unsupported precise count (visual estimation is unreliable for exact numbers); ""fish-like"" description of the left figurine is speculative (no clear fish features visible)",dual_api_qwen_generate_glm_visual_review_non_independent,False
PHL1800_HAIV_0096,F0240,PHL1800_HAIV_0096.png,HAIVMet,positive,revise,"Incorrect count of surrounding figures (candidate states sixteen, actual count is fifteen)",dual_api_qwen_generate_glm_visual_review_non_independent,False
PHL1800_HAIV_0119,F0101,PHL1800_HAIV_0119.png,HAIVMet,positive,revise,The action caption incorrectly claims the figure’s hands are raised to the sides of the face; no hands are visible in the image.,dual_api_qwen_generate_glm_visual_review_non_independent,False
PHL1800_HAIV_0121,F0418,PHL1800_HAIV_0121.png,HAIVMet,positive,revise,"Incorrect count of human-shaped silhouettes (candidate states 12, actual count is 9); gray swirling forms misdescribed as 'emanating from or attaching to' figures (they are independent background elements); 'shared outline regions' mischaracterized as relational entanglement (overlap is compositional, not intentional)",dual_api_qwen_generate_glm_visual_review_non_independent,False
PHL1800_HAIV_0171,F0689,PHL1800_HAIV_0171.png,HAIVMet,positive,revise,"The candidate incorrectly describes a 'crouching figure' (the lower figure is standing, not crouching); the 'small brown hand' is not a separate person but part of the standing figure's raised arm; the 'yellow-and-brown striped pants' should be 'yellow-and-black striped pants'; the 'pink pleated garment' is a pink top, not a pleated garment; the 'pink-and-white vertically striped scarf' is a pink-and-white vertically striped headwrap, not a scarf.",dual_api_qwen_generate_glm_visual_review_non_independent,False
PHL1800_HAIV_0196,F0354,PHL1800_HAIV_0196.png,HAIVMet,positive,revise,"Incorrect count of human figures: candidate states seven, but image shows six distinct human-like figures; the green-and-red object is an animal (frog) not a human figure.",dual_api_qwen_generate_glm_visual_review_non_independent,False
PHL1800_HAIV_0207,F0924,PHL1800_HAIV_0207.png,HAIVMet,positive,revise,"Object count for crowd heads/torsos is unsupported; 'at least 47' exceeds visible distinct forms in the dense, abstract crowd.",dual_api_qwen_generate_glm_visual_review_non_independent,False
PHL1800_HAIV_0217,F1479,PHL1800_HAIV_0217.png,HAIVMet,positive,revise,"The count of 47 distinct human figures is inaccurate; the crowd contains approximately 30–35 identifiable figures with overlapping heads/torsos, and the exact number is ambiguous due to partial visibility. The candidate’s claim of 'exactly 47' is unsupported.",dual_api_qwen_generate_glm_visual_review_non_independent,False
PHL1800_HAIV_0223,F0600,PHL1800_HAIV_0223.png,HAIVMet,positive,revise,"Incorrect count of people (two individuals described as one with a yellow helmet, but there are two distinct people with different headwear); inaccurate color of left individual's shirt (lavender/purple described as yellow helmet, but helmet is yellow and shirt is light pink/purple); unsupported claim of tool-holding (no tool visible, only hands near tank); inaccurate description of right individual's hair (brown hair described as brown hair, but hair is brown, not a different color); incorrect action description (ascends left ladder while holding a tool-like object, but no tool is visible)",dual_api_qwen_generate_glm_visual_review_non_independent,False
PHL1800_HAIV_0236,F1671,PHL1800_HAIV_0236.png,HAIVMet,positive,revise,"Audience count is incorrect; actual count is 47, not 48. The candidate incorrectly states 48 figures across 6 rows, but the bottom row has 4 figures, not 5, leading to a total of 47.",dual_api_qwen_generate_glm_visual_review_non_independent,False
PHL1800_HAIV_0250,F1582,PHL1800_HAIV_0250.png,HAIVMet,positive,revise,Incorrect count of people (9 vs actual 8); one figure misdescribed as wearing sandals (actually barefoot); one figure misdescribed as wearing a brown furry hat (actually brown hair),dual_api_qwen_generate_glm_visual_review_non_independent,False
PHL1800_HAIV_0321,F0794,PHL1800_HAIV_0321.png,HAIVMet,positive,revise,"Incorrect count of smaller figures (candidate states 'at least nine' but image shows eight distinct smaller figures); inaccurate description of the dog-like animal (candidate says 'white dog-like creature with black patches' but image shows a white dog with black ears and a black-and-white spherical object nearby, not a single creature with patches); misdescription of the arched background (candidate says 'ten distinct black circular shapes' but image shows six black circles on the gray backdrop)",dual_api_qwen_generate_glm_visual_review_non_independent,False
PHL1800_HAIV_0405,F0855,PHL1800_HAIV_0405.png,HAIVMet,positive,revise,"Incorrect count of human figures: candidate states 11, but image shows 12 distinct figures; revise object caption to reflect accurate count.",dual_api_qwen_generate_glm_visual_review_non_independent,False
PHL1800_HAIV_0440,F1311,PHL1800_HAIV_0440.png,HAIVMet,positive,revise,The count of 57 human-like figures is incorrect; the image contains a larger crowd with more visible figures.,dual_api_qwen_generate_glm_visual_review_non_independent,False
PHL1800_HAIV_0445,F1718,PHL1800_HAIV_0445.png,HAIVMet,positive,revise,"Incorrect count of human figures (six instead of five); inaccurate clock time descriptions; mischaracterization of object positions and types (e.g., 'twin-bell alarm clocks' not confirmed, 'smartphone' misidentified as gray with blank screen)",dual_api_qwen_generate_glm_visual_review_non_independent,False
PHL1800_HAIV_0450,F0841,PHL1800_HAIV_0450.png,HAIVMet,positive,revise,Incorrect count of figures (six vs. five actual people); inaccurate description of the smallest figure's clothing (magenta dress vs. pink dress); unsupported claim of 'four smaller figures including two children and two adolescents' (no clear age differentiation); inaccurate text description ('feny' vs. partial 'feny' with 'ley' above); inaccurate object count of coins (five vs. seven visible coins),dual_api_qwen_generate_glm_visual_review_non_independent,False
PHL1800_HAIV_0457,F1091,PHL1800_HAIV_0457.png,HAIVMet,positive,revise,"Incorrect count of human figures (candidate states seven, actual count is six); misdescription of one figure's orientation (inverted vs. upright); inaccurate object count (nine bundles vs. actual number)",dual_api_qwen_generate_glm_visual_review_non_independent,False
PHL1800_HAIV_0467,F0724,PHL1800_HAIV_0467.png,HAIVMet,positive,revise,"Incorrect count of animal heads: candidate lists nine but image contains ten distinct animal heads (including the isolated eye as a separate symbol, not an animal head). | Candidate misclassifies the isolated eye as an animal head; it is a separate symbolic element.",dual_api_qwen_generate_glm_visual_review_non_independent,False
PHL1800_HAIV_0474,F0522,PHL1800_HAIV_0474.png,HAIVMet,positive,revise,Incorrect count of seated figures (16 vs actual 18); one figure misdescribed as wearing pink garment; inaccurate description of pink objects as books/folders; overstatement of uniformity in attire; unsupported claim about 'one figure with visible eyes and expression' in philosophy interpretation.,dual_api_qwen_generate_glm_visual_review_non_independent,False
PHL1800_HAIV_0493,F1181,PHL1800_HAIV_0493.png,HAIVMet,positive,revise,"Incorrect vehicle count: candidate states six vehicles but image shows five (two red, two white, one purple). | Candidate describes a gray vehicle fragment near bottom center, but image shows a gray car (not fragment) at bottom left.",dual_api_qwen_generate_glm_visual_review_non_independent,False
PHL1800_HAIV_0496,F0070,PHL1800_HAIV_0496.png,HAIVMet,positive,revise,The target subject incorrectly states 'seven other figures' when there are eight surrounding figures; the object description miscounts figures and misidentifies clothing colors; the action description misstates the number of raised hands for surrounding figures.,dual_api_qwen_generate_glm_visual_review_non_independent,False
PHL1800_HAIV_0512,F0254,PHL1800_HAIV_0512.png,HAIVMet,positive,revise,The target subject incorrectly states nine surrounding figures; there are eight. The object caption incorrectly claims three figures wear spectacles; there are two. The action caption incorrectly describes a figure holding a hand near its mouth; no such action is visible.,dual_api_qwen_generate_glm_visual_review_non_independent,False
PHL1800_IRFL_0021,F0869,PHL1800_IRFL_0021.jpg,IRFL,positive,revise,Object count error: five people described but only four visible; one person misclassified as male; courtroom elements misidentified.,dual_api_qwen_generate_glm_visual_review_non_independent,False
PHL1800_IRFL_0035,F0562,PHL1800_IRFL_0035.jpg,IRFL,positive,revise,The right figure’s facial hair is misdescribed as a beard; it is a mustache. The right figure’s head is not partially obscured by the stack; the stack is on top of a lower stack they hold. The right figure’s hair is not covering the top and sides; it is a ponytail. The cylindrical stack is described as rings but is plates. The tabs are described as rectangular but are utensils.,dual_api_qwen_generate_glm_visual_review_non_independent,False
PHL1800_IRFL_0048,F1084,PHL1800_IRFL_0048.jpg,IRFL,positive,revise,"The count of living figures is incorrect; there are twelve living figures, not thirteen. The description of the central shirtless man’s garment as a 'dhoti-like' cloth is an unsupported assumption about cultural context. The claim that 'each of the thirteen living figures has a white eight-pointed star' is inaccurate—infants have smaller star symbols, and the skeletal figure lacks one.",dual_api_qwen_generate_glm_visual_review_non_independent,False
PHL1800_IRFL_0053,F0120,PHL1800_IRFL_0053.jpg,IRFL,positive,revise,Incorrect count of people in green uniforms (candidate states 'at least five' but image shows fewer distinct figures); 'man with mustache' description is inaccurate (lower-left figure has no mustache); 'crowd raising arms' is not clearly visible as a distinct group; 'group of people in green uniforms' is partially obscured and count is unsupported.,dual_api_qwen_generate_glm_visual_review_non_independent,False
PHL1800_IRFL_0062,F1214,PHL1800_IRFL_0062.jpg,IRFL,positive,revise,"Incorrect count of people (six vs. seven); object description for 'person on far right' is inaccurate (should describe visible attributes, not just partial profile); 'small cylindrical container' object description lacks detail on visible contents; 'woman in red plaid shirt' action description is ambiguous (holds smartphone vs. holds object); 'man with glasses' action description is incomplete (gestures with right hand while facing woman in red plaid shirt)",dual_api_qwen_generate_glm_visual_review_non_independent,False
PHL1800_IRFL_0075,F1032,PHL1800_IRFL_0075.jpg,IRFL,positive,revise,"Incorrect count of people (seven vs. eight visible); inaccurate action descriptions (e.g., 'pours red wine' not visible, 'child in light blue shirt' misidentifies a person); object description errors (e.g., 'rectangular white ceramic container' misdescribes a white basket)",dual_api_qwen_generate_glm_visual_review_non_independent,False
PHL1800_IRFL_0158,F0751,PHL1800_IRFL_0158.jpg,IRFL,positive,revise,"The count of 52 distinct human figures is inaccurate; the image contains approximately 40-45 visible figures, with some partially obscured individuals miscounted as separate entities. The description of the fireplace mantel's heraldic shields as 'four' is unsupported—only two shield-shaped escutcheons are clearly visible, with additional decorative elements that may not be shields.",dual_api_qwen_generate_glm_visual_review_non_independent,False
PHL1800_IRFL_0178,F0571,PHL1800_IRFL_0178.jpg,IRFL,positive,revised_by_audit_visual_inspection,Previous fallback annotation described a different image; all semantic annotation fields were replaced after direct inspection of the mapped image.,ai_agent_direct_visual_reannotation_after_audit_non_independent,False
PHL1800_IRFL_0199,F1649,PHL1800_IRFL_0199.jpg,IRFL,positive,revise,"Object count for birds is incorrect; candidate states 14 birds (7 left, 7 right) but visual count shows 15 birds (8 left, 7 right). | Philosophy interpretation P3 uses unsupported concept 'knowledge_truth' for stars in both skies; better fit is 'other_abstract_relation' as it describes an abstract visual anomaly without direct epistemic claim.",dual_api_qwen_generate_glm_visual_review_non_independent,False
PHL1800_IRFL_0205,F0210,PHL1800_IRFL_0205.jpg,IRFL,positive,revise,Object count of 87 distinct human figures is unsupported; visual inspection suggests a higher count with potential miscounting of overlapping or partial figures. Text overlays are not clearly visible as claimed. The purple head covering is present but description of texture/folds may overinterpret low resolution. Eyeglasses count of three is plausible but not definitively verifiable. The pair with similar haircuts lacks evidence of relation.,dual_api_qwen_generate_glm_visual_review_non_independent,False
PHL1800_IRFL_0215,F1644,PHL1800_IRFL_0215.jpg,IRFL,positive,revise,Incorrect audience count in bottom-left vignette (18 vs actual visible silhouettes) | Inconsistent action description for top-right vignette (drinking vs holding cup to mouth),dual_api_qwen_generate_glm_visual_review_non_independent,False
PHL1800_IRFL_0225,F1415,PHL1800_IRFL_0225.jpg,IRFL,positive,revise,"Incorrect count of people (22 vs actual ~20); some object descriptions lack precision (e.g., 'silver tablet' should be 'tablet' as color is not clearly visible); 'man in center holds papers' is inaccurate (the man behind the central woman holds a rolled document, not loose papers)",dual_api_qwen_generate_glm_visual_review_non_independent,False
PHL1800_IRFL_0234,F0121,PHL1800_IRFL_0234.jpg,IRFL,positive,revise,Incorrect count of people: candidate states five visible people but image shows five fully depicted people plus two shadow silhouettes (total seven individuals present); shadows are not 'visible people' but inferred presence.,dual_api_qwen_generate_glm_visual_review_non_independent,False
PHL1800_IRFL_0248,F1526,PHL1800_IRFL_0248.jpg,IRFL,positive,revise,Incorrect count of human figures (18 vs actual ~15); 'exactly 18' is unsupported; 'one child reading' is not visually confirmed; '4 standing behind them' misrepresents standing figures; 'small signature or inscription' is not a distinct object; 'exposed wooden beams' are not clearly visible; 'defensive or confrontational stance' overstates the younger figure's posture; 'potential physical sanction' is speculative; 'theatrical rehearsal' is an alternative interpretation but not a correction; 'shared gaze' is approximate; 'winter-appropriate clothing' is not visually evident; 'impartial severity' is text-dependent and not visually supported.,dual_api_qwen_generate_glm_visual_review_non_independent,False
PHL1800_IRFL_0272,F0718,PHL1800_IRFL_0272.jpg,IRFL,positive,revise,"Candidate incorrectly claims visible muzzle flash near the right armored vehicle; actually bright orange glow and blur dominate, with no clear muzzle flash identifiable. | Candidate invents two illuminated rectangular panels showing indistinct imagery on the tank; the visible bright orange blocks are not clearly readable as such panels. | Candidate overstates the glow as possibly from fire or energy effect; the image alone does not establish the source or material. | Candidate's first rationale claims the orange glow likely originates from an external source, but the glow visually appears contiguous with the soldier's body; external source is only a plausible inference. | In philosophy interpretations, the claim that the glowing panels show fragmented images is not supported; they are indistinct bright orange shapes.",dual_api_qwen_generate_deepseek_review_non_independent,False
PHL1800_IRFL_0283,F1033,PHL1800_IRFL_0283.jpg,IRFL,positive,revise,"The count of people is incorrect; the image shows approximately 30 individuals, not 28. The person in the red top is standing on the shoulders of another person, not a separate individual. The yellow sign text is 'TRASH IN THE CAN NOT THE SAND!' (not 'TRASH IN THE CAN NOT THE SAND!'), and the cyan-shirted person holds a sign with identical text, not a bucket. The white bucket text is 'VOLUNTEER CLEANUP ORG' (not 'VOLUNTEER CLEANUP ORG' with blue text). The philosophy interpretation about 'power_conflict' is unsupported; the lifeguard tower and banner are background elements with no clear symbolic mapping to authority tensions.",dual_api_qwen_generate_glm_visual_review_non_independent,False
PHL1800_IRFL_0293,F0396,PHL1800_IRFL_0293.jpg,IRFL,positive,revise,"Incorrect count of people (14 vs. actual ~12); misdescription of clothing (e.g., 'hooded shirts' instead of 't-shirts'); inaccurate object details (e.g., 'white numeral 10' on bucket not visible); unsupported claims about 'matching grey hooded shirts' and 'black backpack'.",dual_api_qwen_generate_glm_visual_review_non_independent,False
PHL1800_IRFL_0297,F1116,PHL1800_IRFL_0297.jpg,IRFL,positive,revise,"The truck is a two-door SuperCab, not a four-door crew cab; the driver is visible but not clearly identifiable as wearing sunglasses or having hands on the steering wheel; the sunroof is not visible.",dual_api_qwen_generate_glm_visual_review_non_independent,False
PHL1800_IRFL_0302,F0661,PHL1800_IRFL_0302.jpg,IRFL,positive,revise,"Incorrect count of people: two individuals are described, but only one person is visible in the image.",dual_api_qwen_generate_glm_visual_review_non_independent,False
PHL1800_IRFL_0309,F0063,PHL1800_IRFL_0309.jpg,IRFL,positive,revise,"The candidate incorrectly states the subject has six arms; the image shows four arms. The action caption incorrectly lists six arms manipulating devices; the image shows four arms (one typing on a laptop, one holding a smartphone, one holding a calculator, one holding a tablet, and one holding a landline phone—note: the tablet held horizontally in front is likely supported by two hands, but the count of distinct arms is four, not six). The object caption incorrectly describes a black laptop with a closed lid; the image shows an open black laptop.",dual_api_qwen_generate_glm_visual_review_non_independent,False
PHL1800_IRFL_0311,F1420,PHL1800_IRFL_0311.jpg,IRFL,positive,revise,"Incorrect count of people on the white three-wheeled vehicle (candidate states 7, but visual inspection shows at least 8 distinct individuals: 5 on the roof, 2 on the rear platform, and 1 driver inside). | Candidate claims three individuals in orange shirts, but only two are visible (one on the right shoulder, two on the white vehicle’s roof—total three, but the image shows two distinct orange-shirted figures: one on the right shoulder and two on the white vehicle, totaling three; however, the candidate’s count of three is correct, but the description of their locations is slightly misaligned (the two on the white vehicle are part of the 7/8 count, so the total orange-shirted individuals are three, but the candidate’s breakdown is redundant). | Candidate states 'no vehicle appears to be in motion based on lack of motion blur,' but some vehicles (e.g., the white three-wheeled vehicle in the foreground) show slight motion blur, indicating minimal movement.",dual_api_qwen_generate_glm_visual_review_non_independent,False
PHL1800_IRFL_0312,F1381,PHL1800_IRFL_0312.jpg,IRFL,positive,revise,"Incorrect count of yellow taxis (candidate states 7, but image shows at least 10 visible)",dual_api_qwen_generate_glm_visual_review_non_independent,False
PHL1800_IRFL_0324,F0491,PHL1800_IRFL_0324.jpg,IRFL,positive,revise,"Incorrect count of pedestrians (at least 12 claimed, but visual count shows fewer distinct individuals); unsubstantiated claim of a person riding a bicycle (no bicycle visible, only motorbikes); inaccurate object descriptions (e.g., 'white truck with blue tarpaulin' is actually a blue truck with a blue tarpaulin; 'maroon-and-cream bus' is a red-and-white bus with Hindi text); overcounting of distinct objects in the 'object' list; unsupported philosophical claims about 'systemic constraint' and 'impermanence' without clear visual anchors.",dual_api_qwen_generate_glm_visual_review_non_independent,False
PHL1800_IRFL_0384,F0117,PHL1800_IRFL_0384.jpg,IRFL,positive,revise,The action caption incorrectly states 'no occupants are visibly present inside the cabin' when two people are visible in the driver and passenger seats; the object caption incorrectly claims 'rear passenger-side window is partially rolled down' when it is fully closed.,dual_api_qwen_generate_glm_visual_review_non_independent,False
PHL1800_IRFL_0441,F0029,PHL1800_IRFL_0441.jpg,IRFL,boundary,revise,"Candidate incorrectly claims 'at least eight individuals'—visual count shows 5 distinct people; 'five circular inset panels' is inaccurate (3 visible panels); 'faintly legible text that reads ""WILLIAM""' is unsupported (no text visible); 'all visible individuals wear period-style clothing' is speculative (clothing details are indistinct); 'no horses are visible in frame' is true but irrelevant to object count; philosophy interpretations include unsupported claims (e.g., 'collective visibility locus' without evidence of interaction) and misapplied concept IDs (e.g., 'labor_technology' for a static wagon).",dual_api_qwen_generate_glm_visual_review_non_independent,False
PHL1800_IRFL_0457,F0926,PHL1800_IRFL_0457.jpg,IRFL,boundary,revise,"Incorrect count of people on the foreground sailboat (candidate states four, but only three are visible); inaccurate text on the left sailboat's spinnaker ('36' is correct, but '3C' is not visible on the spinnaker); unsupported claim that the foreground boat's spinnaker is 'collapsed and trailing' (it is fully extended but angled); inaccurate text on the right sailboat's spinnaker ('e8' is correct, but the candidate misdescribes the spinnaker as 'white with black vertical stripes' when it is white with black horizontal stripes); incorrect count of people on the left sailboat (candidate states three, but only two are clearly visible); inaccurate text on the fourth sailboat's spinnaker ('48' is not visible, only red-and-white stripes are clear); unsupported claim that the fifth sailboat has 'unreadable text' (no text is visible on its mainsail)",dual_api_qwen_generate_glm_visual_review_non_independent,False
