blind_id,image_path,human_phc_claims,mapper_id,mapping_date,notes
F0024,images/PHL1800_HL_0019.png,,,,
F0040,images/PHL1800_HL_0373.png,,,,
F0069,images/PHL1800_MM_0052.jpg,,,,
F0079,images/PHL1800_HAIV_0027.png,,,,
F0095,images/PHL1800_IRFL_0159.jpg,,,,
F0102,images/PHL1800_HL_0224.png,,,,
F0130,images/PHL1800_HL_0051.png,,,,
F0132,images/PHL1800_HAIV_0273.png,,,,
F0144,images/PHL1800_IRFL_0207.jpg,,,,
F0158,images/PHL1800_IRFL_0351.jpg,,,,
F0184,images/PHL1800_HL_0524.png,,,,
F0191,images/PHL1800_MM_0118.jpg,,,,
F0208,images/PHL1800_HAIV_0335.png,,,,
F0230,images/PHL1800_HL_0082.png,,,,
F0234,images/PHL1800_IRFL_0170.jpg,,,,
F0239,images/PHL1800_IRFL_0050.jpg,,,,
F0250,images/PHL1800_HL_0186.png,,,,
F0251,images/PHL1800_IRFL_0250.jpg,,,,
F0257,images/PHL1800_HL_0098.png,,,,
F0273,images/PHL1800_HL_0252.png,,,,
F0290,images/PHL1800_IRFL_0064.jpg,,,,
F0296,images/PHL1800_IRFL_0171.jpg,,,,
F0300,images/PHL1800_HL_0187.png,,,,
F0305,images/PHL1800_HL_0503.png,,,,
F0311,images/PHL1800_HAIV_0365.png,,,,
F0315,images/PHL1800_HAIV_0449.png,,,,
F0319,images/PHL1800_MM_0046.jpg,,,,
F0328,images/PHL1800_HL_0036.png,,,,
F0336,images/PHL1800_MM_0085.jpg,,,,
F0341,images/PHL1800_IRFL_0492.jpg,,,,
F0354,images/PHL1800_HAIV_0196.png,,,,
F0361,images/PHL1800_HAIV_0259.png,,,,
F0379,images/PHL1800_HAIV_0143.png,,,,
F0380,images/PHL1800_HL_0551.png,,,,
F0385,images/PHL1800_IRFL_0453.jpg,,,,
F0408,images/PHL1800_HAIV_0028.png,,,,
F0424,images/PHL1800_IRFL_0427.jpg,,,,
F0437,images/PHL1800_HAIV_0458.png,,,,
F0442,images/PHL1800_IRFL_0067.jpg,,,,
F0454,images/PHL1800_HL_0421.png,,,,
F0469,images/PHL1800_HAIV_0470.png,,,,
F0474,images/PHL1800_IRFL_0011.jpg,,,,
F0476,images/PHL1800_HL_0001.png,,,,
F0481,images/PHL1800_HL_0458.png,,,,
F0487,images/PHL1800_HAIV_0333.png,,,,
F0501,images/PHL1800_IRFL_0077.jpg,,,,
F0520,images/PHL1800_HL_0210.png,,,,
F0552,images/PHL1800_HL_0283.png,,,,
F0553,images/PHL1800_HL_0263.png,,,,
F0584,images/PHL1800_HAIV_0515.png,,,,
F0586,images/PHL1800_HAIV_0275.png,,,,
F0630,images/PHL1800_HL_0135.png,,,,
F0631,images/PHL1800_IRFL_0424.jpg,,,,
F0668,images/PHL1800_MM_0037.jpg,,,,
F0674,images/PHL1800_HL_0382.png,,,,
F0678,images/PHL1800_IRFL_0052.jpg,,,,
F0680,images/PHL1800_HL_0499.png,,,,
F0683,images/PHL1800_IRFL_0169.jpg,,,,
F0689,images/PHL1800_HAIV_0171.png,,,,
F0704,images/PHL1800_HAIV_0247.png,,,,
F0706,images/PHL1800_IRFL_0352.jpg,,,,
F0762,images/PHL1800_HL_0203.png,,,,
F0764,images/PHL1800_HL_0102.png,,,,
F0766,images/PHL1800_HAIV_0510.png,,,,
F0772,images/PHL1800_IRFL_0120.jpg,,,,
F0794,images/PHL1800_HAIV_0321.png,,,,
F0795,images/PHL1800_IRFL_0162.jpg,,,,
F0827,images/PHL1800_HAIV_0270.png,,,,
F0842,images/PHL1800_HAIV_0076.png,,,,
F0846,images/PHL1800_MM_0134.jpg,,,,
F0852,images/PHL1800_HL_0492.png,,,,
F0864,images/PHL1800_HL_0540.png,,,,
F0870,images/PHL1800_HL_0002.png,,,,
F0888,images/PHL1800_MM_0063.jpg,,,,
F0926,images/PHL1800_IRFL_0457.jpg,,,,
F0928,images/PHL1800_MM_0092.jpg,,,,
F0954,images/PHL1800_HL_0056.png,,,,
F0955,images/PHL1800_IRFL_0386.jpg,,,,
F0956,images/PHL1800_HL_0066.png,,,,
F0995,images/PHL1800_HL_0205.png,,,,
F1006,images/PHL1800_HL_0296.png,,,,
F1008,images/PHL1800_HL_0477.png,,,,
F1010,images/PHL1800_HAIV_0392.png,,,,
F1013,images/PHL1800_HL_0593.png,,,,
F1014,images/PHL1800_IRFL_0374.jpg,,,,
F1030,images/PHL1800_HAIV_0429.png,,,,
F1035,images/PHL1800_IRFL_0482.jpg,,,,
F1036,images/PHL1800_HL_0179.png,,,,
F1039,images/PHL1800_IRFL_0033.jpg,,,,
F1040,images/PHL1800_IRFL_0395.jpg,,,,
F1047,images/PHL1800_IRFL_0257.jpg,,,,
F1050,images/PHL1800_HL_0518.png,,,,
F1064,images/PHL1800_IRFL_0500.jpg,,,,
F1065,images/PHL1800_HL_0355.png,,,,
F1068,images/PHL1800_HL_0165.png,,,,
F1069,images/PHL1800_HAIV_0095.png,,,,
F1072,images/PHL1800_IRFL_0049.jpg,,,,
F1075,images/PHL1800_IRFL_0168.jpg,,,,
F1076,images/PHL1800_HAIV_0540.png,,,,
F1078,images/PHL1800_HAIV_0200.png,,,,
F1090,images/PHL1800_IRFL_0319.jpg,,,,
F1100,images/PHL1800_HL_0253.png,,,,
F1104,images/PHL1800_HL_0414.png,,,,
F1107,images/PHL1800_IRFL_0095.jpg,,,,
F1112,images/PHL1800_IRFL_0254.jpg,,,,
F1132,images/PHL1800_IRFL_0294.jpg,,,,
F1164,images/PHL1800_MM_0075.jpg,,,,
F1168,images/PHL1800_HL_0342.png,,,,
F1195,images/PHL1800_HAIV_0113.png,,,,
F1198,images/PHL1800_MM_0019.jpg,,,,
F1228,images/PHL1800_HAIV_0129.png,,,,
F1232,images/PHL1800_IRFL_0390.jpg,,,,
F1242,images/PHL1800_HL_0204.png,,,,
F1257,images/PHL1800_HL_0259.png,,,,
F1261,images/PHL1800_HAIV_0522.png,,,,
F1267,images/PHL1800_IRFL_0030.jpg,,,,
F1271,images/PHL1800_HAIV_0160.png,,,,
F1280,images/PHL1800_MM_0066.jpg,,,,
F1297,images/PHL1800_HAIV_0063.png,,,,
F1300,images/PHL1800_HAIV_0442.png,,,,
F1301,images/PHL1800_IRFL_0379.jpg,,,,
F1319,images/PHL1800_IRFL_0002.jpg,,,,
F1326,images/PHL1800_HL_0379.png,,,,
F1331,images/PHL1800_HL_0353.png,,,,
F1332,images/PHL1800_IRFL_0481.jpg,,,,
F1334,images/PHL1800_MM_0116.jpg,,,,
F1335,images/PHL1800_HAIV_0266.png,,,,
F1339,images/PHL1800_HAIV_0298.png,,,,
F1352,images/PHL1800_IRFL_0091.webp,,,,
F1357,images/PHL1800_HAIV_0490.png,,,,
F1359,images/PHL1800_HAIV_0100.png,,,,
F1360,images/PHL1800_HL_0345.png,,,,
F1407,images/PHL1800_IRFL_0354.jpg,,,,
F1413,images/PHL1800_HAIV_0202.png,,,,
F1418,images/PHL1800_IRFL_0245.jpg,,,,
F1444,images/PHL1800_HL_0542.png,,,,
F1446,images/PHL1800_MM_0091.jpg,,,,
F1447,images/PHL1800_HAIV_0157.png,,,,
F1448,images/PHL1800_HL_0420.png,,,,
F1461,images/PHL1800_HL_0495.png,,,,
F1479,images/PHL1800_HAIV_0217.png,,,,
F1483,images/PHL1800_HAIV_0002.png,,,,
F1489,images/PHL1800_IRFL_0409.jpg,,,,
F1495,images/PHL1800_HL_0498.png,,,,
F1497,images/PHL1800_IRFL_0027.jpg,,,,
F1498,images/PHL1800_HAIV_0348.png,,,,
F1513,images/PHL1800_MM_0079.jpg,,,,
F1519,images/PHL1800_IRFL_0059.jpg,,,,
F1527,images/PHL1800_HAIV_0390.png,,,,
F1531,images/PHL1800_IRFL_0446.jpg,,,,
F1539,images/PHL1800_HAIV_0164.png,,,,
F1549,images/PHL1800_HAIV_0462.png,,,,
F1550,images/PHL1800_HL_0532.png,,,,
F1568,images/PHL1800_IRFL_0252.jpg,,,,
F1608,images/PHL1800_HAIV_0505.png,,,,
F1612,images/PHL1800_IRFL_0385.jpg,,,,
F1615,images/PHL1800_HAIV_0277.png,,,,
F1623,images/PHL1800_HL_0439.png,,,,
F1628,images/PHL1800_HAIV_0328.png,,,,
F1630,images/PHL1800_MM_0115.jpg,,,,
F1631,images/PHL1800_HAIV_0357.png,,,,
F1647,images/PHL1800_HL_0103.png,,,,
F1674,images/PHL1800_IRFL_0061.jpg,,,,
F1684,images/PHL1800_IRFL_0353.jpg,,,,
F1692,images/PHL1800_IRFL_0440.jpg,,,,
F1705,images/PHL1800_HAIV_0285.png,,,,
F1707,images/PHL1800_HL_0215.png,,,,
F1711,images/PHL1800_HL_0314.png,,,,
F1714,images/PHL1800_IRFL_0099.webp,,,,
F1717,images/PHL1800_HL_0278.png,,,,
F1734,images/PHL1800_HAIV_0086.png,,,,
F1753,images/PHL1800_HL_0376.png,,,,
F1756,images/PHL1800_HL_0493.png,,,,
F1759,images/PHL1800_HAIV_0146.png,,,,
F1779,images/PHL1800_HL_0237.png,,,,
F1781,images/PHL1800_HL_0320.png,,,,
F1784,images/PHL1800_IRFL_0462.jpg,,,,
F1789,images/PHL1800_HL_0027.png,,,,
F1794,images/PHL1800_HAIV_0455.png,,,,
F1795,images/PHL1800_HL_0081.png,,,,
