blind_id,annotation_item_id,sample_id,file_name,image_path,split,group_id,source,track,benchmark_axis_id,ai_candidate_concept_ids
F0024,F0024,PHL1800_HL_0019,PHL1800_HL_0019.png,images/PHL1800_HL_0019.png,calibration,HL:train_2532.png,HL Dataset,positive,ethics_responsibility,PHC-060;PHC-134;PHC-136;PHC-161;PHC-192;PHC-203;PHC-315;PHC-345;PHC-363;PHC-364;PHC-382;PHC-417;PHC-418;PHC-440;PHC-481;PHC-483;PHC-490;PHC-498
F0040,F0040,PHL1800_HL_0373,PHL1800_HL_0373.png,images/PHL1800_HL_0373.png,calibration,HL:train_4839.png,HL Dataset,positive,social_existence,PHC-134;PHC-136;PHC-161;PHC-192;PHC-203;PHC-417;PHC-418;PHC-440;PHC-483
F0069,F0069,PHL1800_MM_0052,PHL1800_MM_0052.jpg,images/PHL1800_MM_0052.jpg,calibration,MM:seed:150,MM-MoralBench,positive,ethics_responsibility,PHC-060;PHC-114;PHC-133;PHC-134;PHC-136;PHC-317;PHC-363;PHC-364;PHC-440
F0079,F0079,PHL1800_HAIV_0027,PHL1800_HAIV_0027.png,images/PHL1800_HAIV_0027.png,calibration,HAIV:Bizzoni:adam did not understand the root of the crisis,HAIVMet,positive,power_conflict,PHC-055;PHC-060;PHC-066;PHC-080;PHC-134;PHC-136;PHC-161;PHC-192;PHC-203;PHC-363;PHC-364;PHC-417;PHC-418;PHC-440;PHC-483
F0095,F0095,PHL1800_IRFL_0159,PHL1800_IRFL_0159.jpg,images/PHL1800_IRFL_0159.jpg,calibration,IRFL:under lock and key,IRFL,positive,freedom_constraint,PHC-060;PHC-114;PHC-133;PHC-134;PHC-136;PHC-161;PHC-192;PHC-203;PHC-317;PHC-363;PHC-364;PHC-417;PHC-418;PHC-440;PHC-481;PHC-483;PHC-490;PHC-498
F0102,F0102,PHL1800_HL_0224,PHL1800_HL_0224.png,images/PHL1800_HL_0224.png,calibration,HL:train_299.png,HL Dataset,positive,ethics_responsibility,PHC-060;PHC-134;PHC-136;PHC-161;PHC-192;PHC-203;PHC-363;PHC-364;PHC-407;PHC-440;PHC-477;PHC-481;PHC-490;PHC-498;PHC-503
F0130,F0130,PHL1800_HL_0051,PHL1800_HL_0051.png,images/PHL1800_HL_0051.png,calibration,HL:train_7516.png,HL Dataset,positive,time_mortality,PHC-055;PHC-066;PHC-080;PHC-134;PHC-136;PHC-440;PHC-481;PHC-490;PHC-498
F0132,F0132,PHL1800_HAIV_0273,PHL1800_HAIV_0273.png,images/PHL1800_HAIV_0273.png,calibration,"HAIV:FLUTE:life is a mere dream, a fleeting shadow on a cloudy day",HAIVMet,positive,identity_appearance,PHC-055;PHC-060;PHC-066;PHC-080;PHC-114;PHC-133;PHC-134;PHC-136;PHC-317;PHC-363;PHC-364;PHC-417;PHC-418;PHC-440;PHC-483
F0144,F0144,PHL1800_IRFL_0207,PHL1800_IRFL_0207.jpg,images/PHL1800_IRFL_0207.jpg,calibration,IRFL:fly the coop,IRFL,positive,freedom_constraint,PHC-055;PHC-060;PHC-066;PHC-080;PHC-114;PHC-133;PHC-134;PHC-136;PHC-161;PHC-192;PHC-203;PHC-317;PHC-363;PHC-364;PHC-417;PHC-418;PHC-440;PHC-483
F0158,F0158,PHL1800_IRFL_0351,PHL1800_IRFL_0351.jpg,images/PHL1800_IRFL_0351.jpg,calibration,IRFL:as strong as an ox,IRFL,positive,identity_appearance,PHC-055;PHC-060;PHC-066;PHC-080;PHC-363;PHC-364;PHC-407;PHC-417;PHC-418;PHC-477;PHC-483;PHC-503
F0184,F0184,PHL1800_HL_0524,PHL1800_HL_0524.png,images/PHL1800_HL_0524.png,calibration,HL:test_1418.png,HL Dataset,boundary,insufficient_evidence,PHC-055;PHC-060;PHC-066;PHC-080;PHC-114;PHC-133;PHC-134;PHC-136;PHC-317;PHC-363;PHC-364;PHC-407;PHC-417;PHC-418;PHC-440;PHC-477;PHC-483;PHC-503
F0191,F0191,PHL1800_MM_0118,PHL1800_MM_0118.jpg,images/PHL1800_MM_0118.jpg,calibration,MM:seed:509,MM-MoralBench,positive,ethics_responsibility,PHC-055;PHC-060;PHC-066;PHC-080;PHC-114;PHC-133;PHC-134;PHC-136;PHC-315;PHC-317;PHC-345;PHC-363;PHC-364;PHC-382;PHC-440
F0208,F0208,PHL1800_HAIV_0335,PHL1800_HAIV_0335.png,images/PHL1800_HAIV_0335.png,calibration,HAIV:CoPoet:my soul is like a bird with broken wings,HAIVMet,positive,identity_appearance,PHC-060;PHC-134;PHC-136;PHC-161;PHC-192;PHC-203;PHC-315;PHC-345;PHC-363;PHC-364;PHC-382;PHC-417;PHC-418;PHC-440;PHC-483
F0230,F0230,PHL1800_HL_0082,PHL1800_HL_0082.png,images/PHL1800_HL_0082.png,calibration,HL:train_936.png,HL Dataset,positive,freedom_constraint,PHC-114;PHC-133;PHC-134;PHC-136;PHC-161;PHC-192;PHC-203;PHC-315;PHC-317;PHC-345;PHC-382;PHC-417;PHC-418;PHC-440;PHC-481;PHC-483;PHC-490;PHC-498
F0234,F0234,PHL1800_IRFL_0170,PHL1800_IRFL_0170.jpg,images/PHL1800_IRFL_0170.jpg,calibration,IRFL:with a will,IRFL,positive,social_existence,PHC-055;PHC-060;PHC-066;PHC-080;PHC-114;PHC-133;PHC-134;PHC-136;PHC-289;PHC-317;PHC-361;PHC-363;PHC-364;PHC-417;PHC-418;PHC-440;PHC-483
F0239,F0239,PHL1800_IRFL_0050,PHL1800_IRFL_0050.jpg,images/PHL1800_IRFL_0050.jpg,calibration,IRFL:rub someone the wrong way,IRFL,positive,ethics_responsibility,PHC-060;PHC-134;PHC-136;PHC-161;PHC-192;PHC-203;PHC-315;PHC-345;PHC-363;PHC-364;PHC-382;PHC-417;PHC-418;PHC-440;PHC-481;PHC-483;PHC-490;PHC-498
F0250,F0250,PHL1800_HL_0186,PHL1800_HL_0186.png,images/PHL1800_HL_0186.png,calibration,HL:test_1303.png,HL Dataset,positive,knowledge_truth,PHC-055;PHC-060;PHC-066;PHC-080;PHC-134;PHC-136;PHC-363;PHC-364;PHC-407;PHC-440;PHC-477;PHC-481;PHC-490;PHC-498;PHC-503
F0251,F0251,PHL1800_IRFL_0250,PHL1800_IRFL_0250.jpg,images/PHL1800_IRFL_0250.jpg,calibration,IRFL:fly the coop,IRFL,positive,freedom_constraint,PHC-060;PHC-114;PHC-133;PHC-134;PHC-136;PHC-161;PHC-192;PHC-203;PHC-317;PHC-363;PHC-364;PHC-417;PHC-418;PHC-440;PHC-483
F0257,F0257,PHL1800_HL_0098,PHL1800_HL_0098.png,images/PHL1800_HL_0098.png,calibration,HL:test_725.png,HL Dataset,positive,freedom_constraint,PHC-055;PHC-060;PHC-066;PHC-080;PHC-134;PHC-136;PHC-161;PHC-192;PHC-203;PHC-363;PHC-364;PHC-417;PHC-418;PHC-440;PHC-483
F0273,F0273,PHL1800_HL_0252,PHL1800_HL_0252.png,images/PHL1800_HL_0252.png,calibration,HL:train_4457.png,HL Dataset,positive,ethics_responsibility,PHC-055;PHC-066;PHC-080;PHC-114;PHC-133;PHC-134;PHC-136;PHC-161;PHC-192;PHC-203;PHC-317;PHC-417;PHC-418;PHC-440;PHC-481;PHC-483;PHC-490;PHC-498
F0290,F0290,PHL1800_IRFL_0064,PHL1800_IRFL_0064.jpg,images/PHL1800_IRFL_0064.jpg,calibration,IRFL:hold the ring,IRFL,positive,time_mortality,PHC-060;PHC-134;PHC-136;PHC-161;PHC-192;PHC-203;PHC-315;PHC-345;PHC-363;PHC-364;PHC-382;PHC-417;PHC-418;PHC-440;PHC-481;PHC-483;PHC-490;PHC-498
F0296,F0296,PHL1800_IRFL_0171,PHL1800_IRFL_0171.jpg,images/PHL1800_IRFL_0171.jpg,calibration,IRFL:with a will,IRFL,positive,social_existence,PHC-055;PHC-066;PHC-080;PHC-114;PHC-133;PHC-134;PHC-136;PHC-161;PHC-192;PHC-203;PHC-289;PHC-317;PHC-361;PHC-417;PHC-418;PHC-440;PHC-483
F0300,F0300,PHL1800_HL_0187,PHL1800_HL_0187.png,images/PHL1800_HL_0187.png,calibration,HL:train_3387.png,HL Dataset,positive,knowledge_truth,PHC-055;PHC-060;PHC-066;PHC-080;PHC-114;PHC-133;PHC-134;PHC-136;PHC-161;PHC-192;PHC-203;PHC-317;PHC-363;PHC-364;PHC-417;PHC-418;PHC-440;PHC-483
F0305,F0305,PHL1800_HL_0503,PHL1800_HL_0503.png,images/PHL1800_HL_0503.png,calibration,HL:train_11859.png,HL Dataset,boundary,insufficient_evidence,PHC-055;PHC-060;PHC-066;PHC-080;PHC-114;PHC-133;PHC-134;PHC-136;PHC-161;PHC-192;PHC-203;PHC-317;PHC-363;PHC-364;PHC-417;PHC-418;PHC-440;PHC-483
F0311,F0311,PHL1800_HAIV_0365,PHL1800_HAIV_0365.png,images/PHL1800_HAIV_0365.png,calibration,HAIV:CoPoet:your body is a forest,HAIVMet,positive,identity_appearance,PHC-055;PHC-060;PHC-066;PHC-080;PHC-114;PHC-133;PHC-134;PHC-136;PHC-315;PHC-317;PHC-345;PHC-363;PHC-364;PHC-382;PHC-417;PHC-418;PHC-440;PHC-483
F0315,F0315,PHL1800_HAIV_0449,PHL1800_HAIV_0449.png,images/PHL1800_HAIV_0449.png,calibration,HAIV:Tsvetkov:the police closed the investigation.,HAIVMet,positive,ethics_responsibility,PHC-060;PHC-114;PHC-133;PHC-134;PHC-136;PHC-161;PHC-192;PHC-203;PHC-315;PHC-317;PHC-345;PHC-363;PHC-364;PHC-382;PHC-417;PHC-418;PHC-440;PHC-483
F0319,F0319,PHL1800_MM_0046,PHL1800_MM_0046.jpg,images/PHL1800_MM_0046.jpg,calibration,MM:seed:86,MM-MoralBench,positive,ethics_responsibility,PHC-055;PHC-060;PHC-066;PHC-080;PHC-134;PHC-136;PHC-315;PHC-345;PHC-363;PHC-364;PHC-382;PHC-407;PHC-417;PHC-418;PHC-440;PHC-477;PHC-483;PHC-503
F0328,F0328,PHL1800_HL_0036,PHL1800_HL_0036.png,images/PHL1800_HL_0036.png,calibration,HL:test_270.png,HL Dataset,positive,time_mortality,PHC-055;PHC-060;PHC-066;PHC-080;PHC-134;PHC-136;PHC-161;PHC-192;PHC-203;PHC-315;PHC-345;PHC-363;PHC-364;PHC-382;PHC-417;PHC-418;PHC-440;PHC-483
F0336,F0336,PHL1800_MM_0085,PHL1800_MM_0085.jpg,images/PHL1800_MM_0085.jpg,calibration,MM:seed:1007,MM-MoralBench,positive,ethics_responsibility,PHC-060;PHC-114;PHC-133;PHC-134;PHC-136;PHC-161;PHC-192;PHC-203;PHC-317;PHC-363;PHC-364;PHC-407;PHC-417;PHC-418;PHC-440;PHC-477;PHC-483;PHC-503
F0341,F0341,PHL1800_IRFL_0492,PHL1800_IRFL_0492.jpg,images/PHL1800_IRFL_0492.jpg,calibration,IRFL:as tall as a mountain,IRFL,boundary,insufficient_evidence,PHC-055;PHC-066;PHC-080;PHC-134;PHC-136;PHC-161;PHC-192;PHC-203;PHC-289;PHC-361;PHC-407;PHC-417;PHC-418;PHC-440;PHC-477;PHC-483;PHC-503
F0354,F0354,PHL1800_HAIV_0196,PHL1800_HAIV_0196.png,images/PHL1800_HAIV_0196.png,calibration,HAIV:FLUTE:the atmosphere was like a funeral chamber for some big shot human being.,HAIVMet,positive,time_mortality,PHC-055;PHC-060;PHC-066;PHC-080;PHC-134;PHC-136;PHC-315;PHC-345;PHC-363;PHC-364;PHC-382;PHC-417;PHC-418;PHC-440;PHC-481;PHC-483;PHC-490;PHC-498
F0361,F0361,PHL1800_HAIV_0259,PHL1800_HAIV_0259.png,images/PHL1800_HAIV_0259.png,calibration,"HAIV:FLUTE:whenever the sun goes away, he stays up there keeping the magic like a sacred burning flame.",HAIVMet,positive,faith_meaning,PHC-055;PHC-066;PHC-080;PHC-114;PHC-133;PHC-134;PHC-136;PHC-161;PHC-192;PHC-203;PHC-289;PHC-317;PHC-361;PHC-440;PHC-481;PHC-490;PHC-498
F0379,F0379,PHL1800_HAIV_0143,PHL1800_HAIV_0143.png,images/PHL1800_HAIV_0143.png,calibration,HAIV:FLUTE:your body is a wonderland,HAIVMet,positive,identity_appearance,PHC-055;PHC-060;PHC-066;PHC-080;PHC-114;PHC-133;PHC-134;PHC-136;PHC-289;PHC-317;PHC-361;PHC-363;PHC-364;PHC-417;PHC-418;PHC-440;PHC-483
F0380,F0380,PHL1800_HL_0551,PHL1800_HL_0551.png,images/PHL1800_HL_0551.png,calibration,HL:train_10281.png,HL Dataset,boundary,insufficient_evidence,PHC-060;PHC-114;PHC-133;PHC-134;PHC-136;PHC-317;PHC-363;PHC-364;PHC-407;PHC-417;PHC-418;PHC-440;PHC-477;PHC-481;PHC-483;PHC-490;PHC-498;PHC-503
F0385,F0385,PHL1800_IRFL_0453,PHL1800_IRFL_0453.jpg,images/PHL1800_IRFL_0453.jpg,calibration,IRFL:turn heads,IRFL,boundary,insufficient_evidence,PHC-060;PHC-134;PHC-136;PHC-161;PHC-192;PHC-203;PHC-363;PHC-364;PHC-440
F0408,F0408,PHL1800_HAIV_0028,PHL1800_HAIV_0028.png,images/PHL1800_HAIV_0028.png,calibration,HAIV:FLUTE:death is knocking at the door.,HAIVMet,positive,power_conflict,PHC-055;PHC-060;PHC-066;PHC-080;PHC-134;PHC-136;PHC-315;PHC-345;PHC-363;PHC-364;PHC-382;PHC-417;PHC-418;PHC-440;PHC-481;PHC-483;PHC-490;PHC-498
F0424,F0424,PHL1800_IRFL_0427,PHL1800_IRFL_0427.jpg,images/PHL1800_IRFL_0427.jpg,calibration,IRFL:cry wolf,IRFL,boundary,insufficient_evidence,PHC-060;PHC-114;PHC-133;PHC-134;PHC-136;PHC-289;PHC-317;PHC-361;PHC-363;PHC-364;PHC-417;PHC-418;PHC-440;PHC-483
F0437,F0437,PHL1800_HAIV_0458,PHL1800_HAIV_0458.png,images/PHL1800_HAIV_0458.png,calibration,HAIV:Tsvetkov:the pride bursts from my heart.,HAIVMet,positive,social_existence,PHC-060;PHC-114;PHC-133;PHC-134;PHC-136;PHC-161;PHC-192;PHC-203;PHC-317;PHC-363;PHC-364;PHC-417;PHC-418;PHC-440;PHC-483
F0442,F0442,PHL1800_IRFL_0067,PHL1800_IRFL_0067.jpg,images/PHL1800_IRFL_0067.jpg,calibration,IRFL:hold the ring,IRFL,positive,time_mortality,PHC-060;PHC-114;PHC-133;PHC-134;PHC-136;PHC-161;PHC-192;PHC-203;PHC-317;PHC-363;PHC-364;PHC-417;PHC-418;PHC-440;PHC-481;PHC-483;PHC-490;PHC-498
F0454,F0454,PHL1800_HL_0421,PHL1800_HL_0421.png,images/PHL1800_HL_0421.png,calibration,HL:train_6053.png,HL Dataset,positive,faith_meaning,PHC-060;PHC-114;PHC-133;PHC-134;PHC-136;PHC-317;PHC-363;PHC-364;PHC-417;PHC-418;PHC-440;PHC-481;PHC-483;PHC-490;PHC-498
F0469,F0469,PHL1800_HAIV_0470,PHL1800_HAIV_0470.png,images/PHL1800_HAIV_0470.png,calibration,HAIV:Tsvetkov:the protagonist trinity pierce is a college professor with a murky past who lives and works in cambridge massachusetts.,HAIVMet,positive,time_mortality,PHC-060;PHC-114;PHC-133;PHC-134;PHC-136;PHC-161;PHC-192;PHC-203;PHC-317;PHC-363;PHC-364;PHC-407;PHC-417;PHC-418;PHC-440;PHC-477;PHC-483;PHC-503
F0474,F0474,PHL1800_IRFL_0011,PHL1800_IRFL_0011.jpg,images/PHL1800_IRFL_0011.jpg,calibration,IRFL:stand the test of time,IRFL,positive,time_mortality,PHC-055;PHC-066;PHC-080;PHC-161;PHC-192;PHC-203;PHC-417;PHC-418;PHC-483
F0476,F0476,PHL1800_HL_0001,PHL1800_HL_0001.png,images/PHL1800_HL_0001.png,calibration,HL:train_10878.png,HL Dataset,positive,ethics_responsibility,PHC-055;PHC-066;PHC-080;PHC-114;PHC-133;PHC-134;PHC-136;PHC-317;PHC-407;PHC-417;PHC-418;PHC-440;PHC-477;PHC-481;PHC-483;PHC-490;PHC-498;PHC-503
F0481,F0481,PHL1800_HL_0458,PHL1800_HL_0458.png,images/PHL1800_HL_0458.png,calibration,HL:train_2641.png,HL Dataset,positive,labor_technology,PHC-114;PHC-133;PHC-134;PHC-136;PHC-161;PHC-192;PHC-203;PHC-317;PHC-407;PHC-417;PHC-418;PHC-440;PHC-477;PHC-483;PHC-503
F0487,F0487,PHL1800_HAIV_0333,PHL1800_HAIV_0333.png,images/PHL1800_HAIV_0333.png,calibration,HAIV:CoPoet:death is a monster i’ll face with no fear,HAIVMet,positive,time_mortality,PHC-055;PHC-060;PHC-066;PHC-080;PHC-114;PHC-133;PHC-134;PHC-136;PHC-317;PHC-363;PHC-364;PHC-417;PHC-418;PHC-440;PHC-481;PHC-483;PHC-490;PHC-498
F0501,F0501,PHL1800_IRFL_0077,PHL1800_IRFL_0077.jpg,images/PHL1800_IRFL_0077.jpg,calibration,IRFL:top dollar,IRFL,positive,labor_technology,PHC-060;PHC-134;PHC-136;PHC-161;PHC-192;PHC-203;PHC-363;PHC-364;PHC-407;PHC-417;PHC-418;PHC-440;PHC-477;PHC-481;PHC-483;PHC-490;PHC-498;PHC-503
F0520,F0520,PHL1800_HL_0210,PHL1800_HL_0210.png,images/PHL1800_HL_0210.png,calibration,HL:test_1490.png,HL Dataset,positive,knowledge_truth,PHC-060;PHC-114;PHC-133;PHC-134;PHC-136;PHC-317;PHC-363;PHC-364;PHC-407;PHC-417;PHC-418;PHC-440;PHC-477;PHC-483;PHC-503
F0552,F0552,PHL1800_HL_0283,PHL1800_HL_0283.png,images/PHL1800_HL_0283.png,calibration,HL:test_1260.png,HL Dataset,positive,power_conflict,PHC-055;PHC-060;PHC-066;PHC-080;PHC-114;PHC-133;PHC-134;PHC-136;PHC-161;PHC-192;PHC-203;PHC-317;PHC-363;PHC-364;PHC-407;PHC-440;PHC-477;PHC-503
F0553,F0553,PHL1800_HL_0263,PHL1800_HL_0263.png,images/PHL1800_HL_0263.png,calibration,HL:train_4512.png,HL Dataset,positive,power_conflict,PHC-055;PHC-066;PHC-080;PHC-134;PHC-136;PHC-161;PHC-192;PHC-203;PHC-407;PHC-440;PHC-477;PHC-481;PHC-490;PHC-498;PHC-503
F0584,F0584,PHL1800_HAIV_0515,PHL1800_HAIV_0515.png,images/PHL1800_HAIV_0515.png,calibration,HAIV:FigQA:the mind is an ocean.,HAIVMet,positive,knowledge_truth,PHC-055;PHC-060;PHC-066;PHC-080;PHC-161;PHC-192;PHC-203;PHC-289;PHC-361;PHC-363;PHC-364;PHC-407;PHC-417;PHC-418;PHC-477;PHC-483;PHC-503
F0586,F0586,PHL1800_HAIV_0275,PHL1800_HAIV_0275.png,images/PHL1800_HAIV_0275.png,calibration,HAIV:FLUTE:she has a heart of stone,HAIVMet,positive,social_existence,PHC-060;PHC-134;PHC-136;PHC-161;PHC-192;PHC-203;PHC-289;PHC-315;PHC-345;PHC-361;PHC-363;PHC-364;PHC-382;PHC-417;PHC-418;PHC-440;PHC-483
F0630,F0630,PHL1800_HL_0135,PHL1800_HL_0135.png,images/PHL1800_HL_0135.png,calibration,HL:train_9963.png,HL Dataset,positive,identity_appearance,PHC-060;PHC-134;PHC-136;PHC-363;PHC-364;PHC-417;PHC-418;PHC-440;PHC-481;PHC-483;PHC-490;PHC-498
F0631,F0631,PHL1800_IRFL_0424,PHL1800_IRFL_0424.jpg,images/PHL1800_IRFL_0424.jpg,calibration,IRFL:go by the board,IRFL,boundary,insufficient_evidence,PHC-055;PHC-066;PHC-080;PHC-114;PHC-133;PHC-134;PHC-136;PHC-161;PHC-192;PHC-203;PHC-317;PHC-417;PHC-418;PHC-440;PHC-481;PHC-483;PHC-490;PHC-498
F0668,F0668,PHL1800_MM_0037,PHL1800_MM_0037.jpg,images/PHL1800_MM_0037.jpg,calibration,MM:seed:98,MM-MoralBench,positive,ethics_responsibility,PHC-060;PHC-114;PHC-133;PHC-134;PHC-136;PHC-161;PHC-192;PHC-203;PHC-317;PHC-363;PHC-364;PHC-417;PHC-418;PHC-440;PHC-483
F0674,F0674,PHL1800_HL_0382,PHL1800_HL_0382.png,images/PHL1800_HL_0382.png,calibration,HL:train_12216.png,HL Dataset,positive,social_existence,PHC-055;PHC-060;PHC-066;PHC-080;PHC-114;PHC-133;PHC-134;PHC-136;PHC-161;PHC-192;PHC-203;PHC-317;PHC-363;PHC-364;PHC-440
F0678,F0678,PHL1800_IRFL_0052,PHL1800_IRFL_0052.jpg,images/PHL1800_IRFL_0052.jpg,calibration,IRFL:rub someone the wrong way,IRFL,positive,ethics_responsibility,PHC-055;PHC-060;PHC-066;PHC-080;PHC-134;PHC-136;PHC-161;PHC-192;PHC-203;PHC-363;PHC-364;PHC-417;PHC-418;PHC-440;PHC-483
F0680,F0680,PHL1800_HL_0499,PHL1800_HL_0499.png,images/PHL1800_HL_0499.png,calibration,HL:train_10383.png,HL Dataset,positive,labor_technology,PHC-060;PHC-134;PHC-136;PHC-161;PHC-192;PHC-203;PHC-363;PHC-364;PHC-407;PHC-417;PHC-418;PHC-440;PHC-477;PHC-483;PHC-503
F0683,F0683,PHL1800_IRFL_0169,PHL1800_IRFL_0169.jpg,images/PHL1800_IRFL_0169.jpg,calibration,IRFL:under a cloud,IRFL,positive,time_mortality,PHC-055;PHC-060;PHC-066;PHC-080;PHC-134;PHC-136;PHC-161;PHC-192;PHC-203;PHC-363;PHC-364;PHC-417;PHC-418;PHC-440;PHC-481;PHC-483;PHC-490;PHC-498
F0689,F0689,PHL1800_HAIV_0171,PHL1800_HAIV_0171.png,images/PHL1800_HAIV_0171.png,calibration,"HAIV:FLUTE:when the prophet told you that all your dreams would come true, you were like a million-dollar lottery winner.",HAIVMet,positive,power_conflict,PHC-060;PHC-114;PHC-133;PHC-134;PHC-136;PHC-161;PHC-192;PHC-203;PHC-317;PHC-363;PHC-364;PHC-417;PHC-418;PHC-440;PHC-481;PHC-483;PHC-490;PHC-498
F0704,F0704,PHL1800_HAIV_0247,PHL1800_HAIV_0247.png,images/PHL1800_HAIV_0247.png,calibration,HAIV:FLUTE:you wake one morning to find your entire family lying like gray slabs of cement.,HAIVMet,positive,social_existence,PHC-060;PHC-114;PHC-133;PHC-134;PHC-136;PHC-161;PHC-192;PHC-203;PHC-317;PHC-363;PHC-364;PHC-417;PHC-418;PHC-440;PHC-481;PHC-483;PHC-490;PHC-498
F0706,F0706,PHL1800_IRFL_0352,PHL1800_IRFL_0352.jpg,images/PHL1800_IRFL_0352.jpg,calibration,IRFL:as strong as an ox,IRFL,positive,identity_appearance,PHC-060;PHC-114;PHC-133;PHC-134;PHC-136;PHC-317;PHC-363;PHC-364;PHC-407;PHC-417;PHC-418;PHC-440;PHC-477;PHC-481;PHC-483;PHC-490;PHC-498;PHC-503
F0762,F0762,PHL1800_HL_0203,PHL1800_HL_0203.png,images/PHL1800_HL_0203.png,calibration,HL:train_4170.png,HL Dataset,positive,knowledge_truth,PHC-060;PHC-134;PHC-136;PHC-161;PHC-192;PHC-203;PHC-315;PHC-345;PHC-363;PHC-364;PHC-382;PHC-407;PHC-440;PHC-477;PHC-481;PHC-490;PHC-498;PHC-503
F0764,F0764,PHL1800_HL_0102,PHL1800_HL_0102.png,images/PHL1800_HL_0102.png,calibration,HL:train_11147.png,HL Dataset,positive,freedom_constraint,PHC-055;PHC-066;PHC-080;PHC-114;PHC-133;PHC-134;PHC-136;PHC-161;PHC-192;PHC-203;PHC-317;PHC-417;PHC-418;PHC-440;PHC-483
F0766,F0766,PHL1800_HAIV_0510,PHL1800_HAIV_0510.png,images/PHL1800_HAIV_0510.png,calibration,HAIV:FigQA:his heart was made of gold.,HAIVMet,positive,social_existence,PHC-060;PHC-289;PHC-315;PHC-345;PHC-361;PHC-363;PHC-364;PHC-382
F0772,F0772,PHL1800_IRFL_0120,PHL1800_IRFL_0120.jpg,images/PHL1800_IRFL_0120.jpg,calibration,IRFL:stand the test of time,IRFL,positive,time_mortality,PHC-055;PHC-066;PHC-080;PHC-161;PHC-192;PHC-203;PHC-417;PHC-418;PHC-483
F0794,F0794,PHL1800_HAIV_0321,PHL1800_HAIV_0321.png,images/PHL1800_HAIV_0321.png,calibration,HAIV:FLUTE:the faculty meeting was a circus.,HAIVMet,positive,social_existence,PHC-055;PHC-060;PHC-066;PHC-080;PHC-134;PHC-136;PHC-315;PHC-345;PHC-363;PHC-364;PHC-382;PHC-440;PHC-481;PHC-490;PHC-498
F0795,F0795,PHL1800_IRFL_0162,PHL1800_IRFL_0162.jpg,images/PHL1800_IRFL_0162.jpg,calibration,IRFL:under lock and key,IRFL,positive,freedom_constraint,PHC-055;PHC-060;PHC-066;PHC-080;PHC-134;PHC-136;PHC-315;PHC-345;PHC-363;PHC-364;PHC-382;PHC-417;PHC-418;PHC-440;PHC-481;PHC-483;PHC-490;PHC-498
F0827,F0827,PHL1800_HAIV_0270,PHL1800_HAIV_0270.png,images/PHL1800_HAIV_0270.png,calibration,HAIV:FLUTE:the changing of the guard was like a well-oiled clock .,HAIVMet,positive,time_mortality,PHC-055;PHC-060;PHC-066;PHC-080;PHC-134;PHC-136;PHC-161;PHC-192;PHC-203;PHC-315;PHC-345;PHC-363;PHC-364;PHC-382;PHC-417;PHC-418;PHC-440;PHC-483
F0842,F0842,PHL1800_HAIV_0076,PHL1800_HAIV_0076.png,images/PHL1800_HAIV_0076.png,calibration,HAIV:FLUTE:war was a nightmare.,HAIVMet,positive,power_conflict,PHC-060;PHC-134;PHC-136;PHC-161;PHC-192;PHC-203;PHC-363;PHC-364;PHC-417;PHC-418;PHC-440;PHC-481;PHC-483;PHC-490;PHC-498
F0846,F0846,PHL1800_MM_0134,PHL1800_MM_0134.jpg,images/PHL1800_MM_0134.jpg,calibration,MM:seed:982,MM-MoralBench,positive,ethics_responsibility,PHC-055;PHC-060;PHC-066;PHC-080;PHC-114;PHC-133;PHC-134;PHC-136;PHC-315;PHC-317;PHC-345;PHC-363;PHC-364;PHC-382;PHC-417;PHC-418;PHC-440;PHC-483
F0852,F0852,PHL1800_HL_0492,PHL1800_HL_0492.png,images/PHL1800_HL_0492.png,calibration,HL:train_1090.png,HL Dataset,positive,labor_technology,PHC-055;PHC-066;PHC-080;PHC-114;PHC-133;PHC-134;PHC-136;PHC-315;PHC-317;PHC-345;PHC-382;PHC-407;PHC-417;PHC-418;PHC-440;PHC-477;PHC-483;PHC-503
F0864,F0864,PHL1800_HL_0540,PHL1800_HL_0540.png,images/PHL1800_HL_0540.png,calibration,HL:train_4756.png,HL Dataset,boundary,insufficient_evidence,PHC-060;PHC-114;PHC-133;PHC-317;PHC-363;PHC-364;PHC-417;PHC-418;PHC-483
F0870,F0870,PHL1800_HL_0002,PHL1800_HL_0002.png,images/PHL1800_HL_0002.png,calibration,HL:train_9063.png,HL Dataset,positive,time_mortality,PHC-055;PHC-060;PHC-066;PHC-080;PHC-134;PHC-136;PHC-161;PHC-192;PHC-203;PHC-363;PHC-364;PHC-407;PHC-417;PHC-418;PHC-440;PHC-477;PHC-483;PHC-503
F0888,F0888,PHL1800_MM_0063,PHL1800_MM_0063.jpg,images/PHL1800_MM_0063.jpg,calibration,MM:seed:474,MM-MoralBench,positive,ethics_responsibility,PHC-060;PHC-114;PHC-133;PHC-134;PHC-136;PHC-317;PHC-363;PHC-364;PHC-407;PHC-440;PHC-477;PHC-481;PHC-490;PHC-498;PHC-503
F0926,F0926,PHL1800_IRFL_0457,PHL1800_IRFL_0457.jpg,images/PHL1800_IRFL_0457.jpg,calibration,IRFL:sail close to the wind,IRFL,boundary,insufficient_evidence,PHC-055;PHC-066;PHC-080;PHC-114;PHC-133;PHC-134;PHC-136;PHC-161;PHC-192;PHC-203;PHC-317;PHC-417;PHC-418;PHC-440;PHC-481;PHC-483;PHC-490;PHC-498
F0928,F0928,PHL1800_MM_0092,PHL1800_MM_0092.jpg,images/PHL1800_MM_0092.jpg,calibration,MM:seed:1088,MM-MoralBench,positive,ethics_responsibility,PHC-060;PHC-114;PHC-133;PHC-134;PHC-136;PHC-161;PHC-192;PHC-203;PHC-317;PHC-363;PHC-364;PHC-407;PHC-417;PHC-418;PHC-440;PHC-477;PHC-483;PHC-503
F0954,F0954,PHL1800_HL_0056,PHL1800_HL_0056.png,images/PHL1800_HL_0056.png,calibration,HL:train_6954.png,HL Dataset,positive,time_mortality,PHC-055;PHC-066;PHC-080;PHC-114;PHC-133;PHC-134;PHC-136;PHC-317;PHC-407;PHC-417;PHC-418;PHC-440;PHC-477;PHC-483;PHC-503
F0955,F0955,PHL1800_IRFL_0386,PHL1800_IRFL_0386.jpg,images/PHL1800_IRFL_0386.jpg,calibration,IRFL:as red as a cherry,IRFL,positive,other_abstract_relation,PHC-055;PHC-060;PHC-066;PHC-080;PHC-161;PHC-192;PHC-203;PHC-363;PHC-364
F0956,F0956,PHL1800_HL_0066,PHL1800_HL_0066.png,images/PHL1800_HL_0066.png,calibration,HL:train_9971.png,HL Dataset,positive,time_mortality,PHC-055;PHC-060;PHC-066;PHC-080;PHC-114;PHC-133;PHC-134;PHC-136;PHC-315;PHC-317;PHC-345;PHC-363;PHC-364;PHC-382;PHC-417;PHC-418;PHC-440;PHC-483
F0995,F0995,PHL1800_HL_0205,PHL1800_HL_0205.png,images/PHL1800_HL_0205.png,calibration,HL:train_9345.png,HL Dataset,positive,knowledge_truth,PHC-055;PHC-060;PHC-066;PHC-080;PHC-134;PHC-136;PHC-161;PHC-192;PHC-203;PHC-363;PHC-364;PHC-407;PHC-440;PHC-477;PHC-481;PHC-490;PHC-498;PHC-503
F1006,F1006,PHL1800_HL_0296,PHL1800_HL_0296.png,images/PHL1800_HL_0296.png,calibration,HL:test_1110.png,HL Dataset,positive,power_conflict,PHC-055;PHC-060;PHC-066;PHC-080;PHC-134;PHC-136;PHC-363;PHC-364;PHC-440;PHC-481;PHC-490;PHC-498
F1008,F1008,PHL1800_HL_0477,PHL1800_HL_0477.png,images/PHL1800_HL_0477.png,calibration,HL:train_12978.png,HL Dataset,positive,labor_technology,PHC-060;PHC-134;PHC-136;PHC-315;PHC-345;PHC-363;PHC-364;PHC-382;PHC-407;PHC-440;PHC-477;PHC-503
F1010,F1010,PHL1800_HAIV_0392,PHL1800_HAIV_0392.png,images/PHL1800_HAIV_0392.png,calibration,HAIV:CoPoet:my heart is like glass transparent and fragile,HAIVMet,positive,social_existence,PHC-060;PHC-114;PHC-133;PHC-161;PHC-192;PHC-203;PHC-315;PHC-317;PHC-345;PHC-363;PHC-364;PHC-382;PHC-417;PHC-418;PHC-483
F1013,F1013,PHL1800_HL_0593,PHL1800_HL_0593.png,images/PHL1800_HL_0593.png,calibration,HL:train_2998.png,HL Dataset,boundary,insufficient_evidence,PHC-060;PHC-114;PHC-133;PHC-134;PHC-136;PHC-317;PHC-363;PHC-364;PHC-407;PHC-417;PHC-418;PHC-440;PHC-477;PHC-483;PHC-503
F1014,F1014,PHL1800_IRFL_0374,PHL1800_IRFL_0374.jpg,images/PHL1800_IRFL_0374.jpg,calibration,IRFL:as sly as a fox,IRFL,positive,other_abstract_relation,PHC-060;PHC-114;PHC-133;PHC-134;PHC-136;PHC-161;PHC-192;PHC-203;PHC-289;PHC-315;PHC-317;PHC-345;PHC-361;PHC-363;PHC-364;PHC-382;PHC-440
F1030,F1030,PHL1800_HAIV_0429,PHL1800_HAIV_0429.png,images/PHL1800_HAIV_0429.png,calibration,HAIV:CoPoet:man is a feral pig ravenously trampling,HAIVMet,positive,identity_appearance,PHC-055;PHC-060;PHC-066;PHC-080;PHC-114;PHC-133;PHC-134;PHC-136;PHC-161;PHC-192;PHC-203;PHC-317;PHC-363;PHC-364;PHC-417;PHC-418;PHC-440;PHC-483
F1035,F1035,PHL1800_IRFL_0482,PHL1800_IRFL_0482.jpg,images/PHL1800_IRFL_0482.jpg,calibration,IRFL:as sly as a fox,IRFL,boundary,insufficient_evidence,PHC-055;PHC-060;PHC-066;PHC-080;PHC-134;PHC-136;PHC-161;PHC-192;PHC-203;PHC-363;PHC-364;PHC-417;PHC-418;PHC-440;PHC-483
F1036,F1036,PHL1800_HL_0179,PHL1800_HL_0179.png,images/PHL1800_HL_0179.png,calibration,HL:train_265.png,HL Dataset,positive,knowledge_truth,PHC-055;PHC-060;PHC-066;PHC-080;PHC-134;PHC-136;PHC-161;PHC-192;PHC-203;PHC-363;PHC-364;PHC-417;PHC-418;PHC-440;PHC-483
F1039,F1039,PHL1800_IRFL_0033,PHL1800_IRFL_0033.jpg,images/PHL1800_IRFL_0033.jpg,calibration,IRFL:eternal triangle,IRFL,positive,social_existence,PHC-060;PHC-134;PHC-136;PHC-363;PHC-364;PHC-417;PHC-418;PHC-440;PHC-483
F1040,F1040,PHL1800_IRFL_0395,PHL1800_IRFL_0395.jpg,images/PHL1800_IRFL_0395.jpg,calibration,IRFL:as hard as rocks,IRFL,positive,other_abstract_relation,PHC-060;PHC-161;PHC-192;PHC-203;PHC-363;PHC-364;PHC-417;PHC-418;PHC-483
F1047,F1047,PHL1800_IRFL_0257,PHL1800_IRFL_0257.jpg,images/PHL1800_IRFL_0257.jpg,calibration,IRFL:mutton dressed as lamb,IRFL,positive,time_mortality,PHC-055;PHC-060;PHC-066;PHC-080;PHC-114;PHC-133;PHC-134;PHC-136;PHC-317;PHC-363;PHC-364;PHC-417;PHC-418;PHC-440;PHC-483
F1050,F1050,PHL1800_HL_0518,PHL1800_HL_0518.png,images/PHL1800_HL_0518.png,calibration,HL:train_824.png,HL Dataset,boundary,insufficient_evidence,PHC-055;PHC-060;PHC-066;PHC-080;PHC-114;PHC-133;PHC-134;PHC-136;PHC-317;PHC-363;PHC-364;PHC-407;PHC-417;PHC-418;PHC-440;PHC-477;PHC-483;PHC-503
F1064,F1064,PHL1800_IRFL_0500,PHL1800_IRFL_0500.jpg,images/PHL1800_IRFL_0500.jpg,calibration,IRFL:as tall as a mountain,IRFL,boundary,insufficient_evidence,PHC-055;PHC-060;PHC-066;PHC-080;PHC-114;PHC-133;PHC-161;PHC-192;PHC-203;PHC-317;PHC-363;PHC-364;PHC-407;PHC-417;PHC-418;PHC-477;PHC-483;PHC-503
F1065,F1065,PHL1800_HL_0355,PHL1800_HL_0355.png,images/PHL1800_HL_0355.png,calibration,HL:train_10233.png,HL Dataset,positive,choice_journey,PHC-055;PHC-060;PHC-066;PHC-080;PHC-134;PHC-136;PHC-363;PHC-364;PHC-407;PHC-417;PHC-418;PHC-440;PHC-477;PHC-481;PHC-483;PHC-490;PHC-498;PHC-503
F1068,F1068,PHL1800_HL_0165,PHL1800_HL_0165.png,images/PHL1800_HL_0165.png,calibration,HL:train_2396.png,HL Dataset,positive,identity_appearance,PHC-055;PHC-060;PHC-066;PHC-080;PHC-114;PHC-133;PHC-134;PHC-136;PHC-317;PHC-363;PHC-364;PHC-407;PHC-417;PHC-418;PHC-440;PHC-477;PHC-483;PHC-503
F1069,F1069,PHL1800_HAIV_0095,PHL1800_HAIV_0095.png,images/PHL1800_HAIV_0095.png,calibration,HAIV:FLUTE:a thought forms in my mind and it's like a sun-filled day .,HAIVMet,positive,knowledge_truth,PHC-134;PHC-136;PHC-161;PHC-192;PHC-203;PHC-289;PHC-361;PHC-440
F1072,F1072,PHL1800_IRFL_0049,PHL1800_IRFL_0049.jpg,images/PHL1800_IRFL_0049.jpg,calibration,IRFL:rub someone the wrong way,IRFL,positive,ethics_responsibility,PHC-055;PHC-060;PHC-066;PHC-080;PHC-134;PHC-136;PHC-161;PHC-192;PHC-203;PHC-315;PHC-345;PHC-363;PHC-364;PHC-382;PHC-417;PHC-418;PHC-440;PHC-483
F1075,F1075,PHL1800_IRFL_0168,PHL1800_IRFL_0168.jpg,images/PHL1800_IRFL_0168.jpg,calibration,IRFL:with a will,IRFL,positive,social_existence,PHC-060;PHC-114;PHC-133;PHC-134;PHC-136;PHC-161;PHC-192;PHC-203;PHC-315;PHC-317;PHC-345;PHC-363;PHC-364;PHC-382;PHC-417;PHC-418;PHC-440;PHC-483
F1076,F1076,PHL1800_HAIV_0540,PHL1800_HAIV_0540.png,images/PHL1800_HAIV_0540.png,calibration,HAIV:Bizzoni:it is sad to observe the fruits of ignorance.,HAIVMet,positive,knowledge_truth,PHC-060;PHC-114;PHC-133;PHC-134;PHC-136;PHC-161;PHC-192;PHC-203;PHC-317;PHC-363;PHC-364;PHC-417;PHC-418;PHC-440;PHC-483
F1078,F1078,PHL1800_HAIV_0200,PHL1800_HAIV_0200.png,images/PHL1800_HAIV_0200.png,calibration,HAIV:FLUTE:hope is the thing with feathers,HAIVMet,positive,faith_meaning,PHC-055;PHC-066;PHC-080;PHC-114;PHC-133;PHC-134;PHC-136;PHC-161;PHC-192;PHC-203;PHC-315;PHC-317;PHC-345;PHC-382;PHC-417;PHC-418;PHC-440;PHC-483
F1090,F1090,PHL1800_IRFL_0319,PHL1800_IRFL_0319.jpg,images/PHL1800_IRFL_0319.jpg,calibration,IRFL:light of my life,IRFL,positive,other_abstract_relation,PHC-055;PHC-066;PHC-080;PHC-134;PHC-136;PHC-315;PHC-345;PHC-382;PHC-440
F1100,F1100,PHL1800_HL_0253,PHL1800_HL_0253.png,images/PHL1800_HL_0253.png,calibration,HL:train_4722.png,HL Dataset,positive,ethics_responsibility,PHC-060;PHC-114;PHC-133;PHC-134;PHC-136;PHC-161;PHC-192;PHC-203;PHC-317;PHC-363;PHC-364;PHC-440;PHC-481;PHC-490;PHC-498
F1104,F1104,PHL1800_HL_0414,PHL1800_HL_0414.png,images/PHL1800_HL_0414.png,calibration,HL:test_261.png,HL Dataset,positive,faith_meaning,PHC-060;PHC-134;PHC-136;PHC-363;PHC-364;PHC-407;PHC-417;PHC-418;PHC-440;PHC-477;PHC-481;PHC-483;PHC-490;PHC-498;PHC-503
F1107,F1107,PHL1800_IRFL_0095,PHL1800_IRFL_0095.jpg,images/PHL1800_IRFL_0095.jpg,calibration,IRFL:cross swords,IRFL,positive,power_conflict,PHC-060;PHC-134;PHC-136;PHC-363;PHC-364;PHC-440;PHC-481;PHC-490;PHC-498
F1112,F1112,PHL1800_IRFL_0254,PHL1800_IRFL_0254.jpg,images/PHL1800_IRFL_0254.jpg,calibration,IRFL:chicken feed,IRFL,positive,labor_technology,PHC-114;PHC-133;PHC-134;PHC-136;PHC-161;PHC-192;PHC-203;PHC-317;PHC-407;PHC-417;PHC-418;PHC-440;PHC-477;PHC-481;PHC-483;PHC-490;PHC-498;PHC-503
F1132,F1132,PHL1800_IRFL_0294,PHL1800_IRFL_0294.jpg,images/PHL1800_IRFL_0294.jpg,calibration,IRFL:light of my life,IRFL,positive,other_abstract_relation,PHC-055;PHC-066;PHC-080;PHC-134;PHC-136;PHC-315;PHC-345;PHC-382;PHC-440
F1164,F1164,PHL1800_MM_0075,PHL1800_MM_0075.jpg,images/PHL1800_MM_0075.jpg,calibration,MM:seed:438,MM-MoralBench,positive,ethics_responsibility,PHC-060;PHC-134;PHC-136;PHC-161;PHC-192;PHC-203;PHC-363;PHC-364;PHC-440;PHC-481;PHC-490;PHC-498
F1168,F1168,PHL1800_HL_0342,PHL1800_HL_0342.png,images/PHL1800_HL_0342.png,calibration,HL:train_6438.png,HL Dataset,positive,choice_journey,PHC-060;PHC-114;PHC-133;PHC-134;PHC-136;PHC-315;PHC-317;PHC-345;PHC-363;PHC-364;PHC-382;PHC-417;PHC-418;PHC-440;PHC-483
F1195,F1195,PHL1800_HAIV_0113,PHL1800_HAIV_0113.png,images/PHL1800_HAIV_0113.png,calibration,HAIV:FLUTE:your guardian angel is just a little too much like a nerd at a comic convention.,HAIVMet,positive,faith_meaning,PHC-060;PHC-114;PHC-133;PHC-134;PHC-136;PHC-161;PHC-192;PHC-203;PHC-289;PHC-315;PHC-317;PHC-345;PHC-361;PHC-363;PHC-364;PHC-382;PHC-440
F1198,F1198,PHL1800_MM_0019,PHL1800_MM_0019.jpg,images/PHL1800_MM_0019.jpg,calibration,MM:seed:775,MM-MoralBench,positive,ethics_responsibility,PHC-114;PHC-133;PHC-134;PHC-136;PHC-161;PHC-192;PHC-203;PHC-317;PHC-440;PHC-481;PHC-490;PHC-498
F1228,F1228,PHL1800_HAIV_0129,PHL1800_HAIV_0129.png,images/PHL1800_HAIV_0129.png,calibration,HAIV:FLUTE:fear had changed him to a shaken jelly.,HAIVMet,positive,power_conflict,PHC-055;PHC-060;PHC-066;PHC-080;PHC-134;PHC-136;PHC-161;PHC-192;PHC-203;PHC-315;PHC-345;PHC-363;PHC-364;PHC-382;PHC-417;PHC-418;PHC-440;PHC-483
F1232,F1232,PHL1800_IRFL_0390,PHL1800_IRFL_0390.jpg,images/PHL1800_IRFL_0390.jpg,calibration,IRFL:as red as a cherry,IRFL,positive,other_abstract_relation,PHC-055;PHC-060;PHC-066;PHC-080;PHC-114;PHC-133;PHC-161;PHC-192;PHC-203;PHC-317;PHC-363;PHC-364;PHC-417;PHC-418;PHC-481;PHC-483;PHC-490;PHC-498
F1242,F1242,PHL1800_HL_0204,PHL1800_HL_0204.png,images/PHL1800_HL_0204.png,calibration,HL:train_11756.png,HL Dataset,positive,knowledge_truth,PHC-055;PHC-060;PHC-066;PHC-080;PHC-114;PHC-133;PHC-134;PHC-136;PHC-161;PHC-192;PHC-203;PHC-317;PHC-363;PHC-364;PHC-407;PHC-440;PHC-477;PHC-503
F1257,F1257,PHL1800_HL_0259,PHL1800_HL_0259.png,images/PHL1800_HL_0259.png,calibration,HL:train_12050.png,HL Dataset,positive,ethics_responsibility,PHC-055;PHC-060;PHC-066;PHC-080;PHC-134;PHC-136;PHC-161;PHC-192;PHC-203;PHC-363;PHC-364;PHC-417;PHC-418;PHC-440;PHC-483
F1261,F1261,PHL1800_HAIV_0522,PHL1800_HAIV_0522.png,images/PHL1800_HAIV_0522.png,calibration,HAIV:FigQA:her mom warned her about the monsters in the world.,HAIVMet,positive,social_existence,PHC-060;PHC-114;PHC-133;PHC-134;PHC-136;PHC-161;PHC-192;PHC-203;PHC-317;PHC-363;PHC-364;PHC-417;PHC-418;PHC-440;PHC-481;PHC-483;PHC-490;PHC-498
F1267,F1267,PHL1800_IRFL_0030,PHL1800_IRFL_0030.jpg,images/PHL1800_IRFL_0030.jpg,calibration,IRFL:as proud as a peacock,IRFL,positive,social_existence,PHC-060;PHC-114;PHC-133;PHC-134;PHC-136;PHC-161;PHC-192;PHC-203;PHC-317;PHC-363;PHC-364;PHC-417;PHC-418;PHC-440;PHC-483
F1271,F1271,PHL1800_HAIV_0160,PHL1800_HAIV_0160.png,images/PHL1800_HAIV_0160.png,calibration,HAIV:FLUTE:i have to bear the responsibility for this.,HAIVMet,positive,ethics_responsibility,PHC-055;PHC-066;PHC-080;PHC-114;PHC-133;PHC-134;PHC-136;PHC-315;PHC-317;PHC-345;PHC-382;PHC-407;PHC-440;PHC-477;PHC-481;PHC-490;PHC-498;PHC-503
F1280,F1280,PHL1800_MM_0066,PHL1800_MM_0066.jpg,images/PHL1800_MM_0066.jpg,calibration,MM:seed:376,MM-MoralBench,positive,ethics_responsibility,PHC-060;PHC-114;PHC-133;PHC-134;PHC-136;PHC-161;PHC-192;PHC-203;PHC-317;PHC-363;PHC-364;PHC-417;PHC-418;PHC-440;PHC-481;PHC-483;PHC-490;PHC-498
F1297,F1297,PHL1800_HAIV_0063,PHL1800_HAIV_0063.png,images/PHL1800_HAIV_0063.png,calibration,HAIV:FLUTE:the snow swaddled the earth like a mother would her infant child.,HAIVMet,positive,social_existence,PHC-055;PHC-066;PHC-080;PHC-134;PHC-136;PHC-289;PHC-315;PHC-345;PHC-361;PHC-382;PHC-417;PHC-418;PHC-440;PHC-483
F1300,F1300,PHL1800_HAIV_0442,PHL1800_HAIV_0442.png,images/PHL1800_HAIV_0442.png,calibration,HAIV:Tsvetkov:in white anger he threw the book down - and proceeded along another line.,HAIVMet,positive,knowledge_truth,PHC-060;PHC-114;PHC-133;PHC-134;PHC-136;PHC-161;PHC-192;PHC-203;PHC-317;PHC-363;PHC-364;PHC-417;PHC-418;PHC-440;PHC-481;PHC-483;PHC-490;PHC-498
F1301,F1301,PHL1800_IRFL_0379,PHL1800_IRFL_0379.jpg,images/PHL1800_IRFL_0379.jpg,calibration,IRFL:as sly as a fox,IRFL,positive,other_abstract_relation,PHC-060;PHC-114;PHC-133;PHC-134;PHC-136;PHC-317;PHC-363;PHC-364;PHC-417;PHC-418;PHC-440;PHC-483
F1319,F1319,PHL1800_IRFL_0002,PHL1800_IRFL_0002.jpg,images/PHL1800_IRFL_0002.jpg,calibration,IRFL:work to rule,IRFL,positive,labor_technology,PHC-055;PHC-060;PHC-066;PHC-080;PHC-134;PHC-136;PHC-315;PHC-345;PHC-363;PHC-364;PHC-382;PHC-417;PHC-418;PHC-440;PHC-481;PHC-483;PHC-490;PHC-498
F1326,F1326,PHL1800_HL_0379,PHL1800_HL_0379.png,images/PHL1800_HL_0379.png,calibration,HL:train_12115.png,HL Dataset,positive,social_existence,PHC-055;PHC-066;PHC-080;PHC-114;PHC-133;PHC-134;PHC-136;PHC-317;PHC-417;PHC-418;PHC-440;PHC-481;PHC-483;PHC-490;PHC-498
F1331,F1331,PHL1800_HL_0353,PHL1800_HL_0353.png,images/PHL1800_HL_0353.png,calibration,HL:train_8705.png,HL Dataset,positive,choice_journey,PHC-055;PHC-060;PHC-066;PHC-080;PHC-114;PHC-133;PHC-134;PHC-136;PHC-317;PHC-363;PHC-364;PHC-417;PHC-418;PHC-440;PHC-483
F1332,F1332,PHL1800_IRFL_0481,PHL1800_IRFL_0481.jpg,images/PHL1800_IRFL_0481.jpg,calibration,IRFL:as sweet as sugar,IRFL,boundary,insufficient_evidence,PHC-060;PHC-114;PHC-133;PHC-134;PHC-136;PHC-161;PHC-192;PHC-203;PHC-315;PHC-317;PHC-345;PHC-363;PHC-364;PHC-382;PHC-417;PHC-418;PHC-440;PHC-483
F1334,F1334,PHL1800_MM_0116,PHL1800_MM_0116.jpg,images/PHL1800_MM_0116.jpg,calibration,MM:seed:531,MM-MoralBench,positive,ethics_responsibility,PHC-060;PHC-134;PHC-136;PHC-161;PHC-192;PHC-203;PHC-315;PHC-345;PHC-363;PHC-364;PHC-382;PHC-417;PHC-418;PHC-440;PHC-481;PHC-483;PHC-490;PHC-498
F1335,F1335,PHL1800_HAIV_0266,PHL1800_HAIV_0266.png,images/PHL1800_HAIV_0266.png,calibration,HAIV:FLUTE:the employee swallows her anger.,HAIVMet,positive,power_conflict,PHC-055;PHC-060;PHC-066;PHC-080;PHC-134;PHC-136;PHC-161;PHC-192;PHC-203;PHC-363;PHC-364;PHC-417;PHC-418;PHC-440;PHC-483
F1339,F1339,PHL1800_HAIV_0298,PHL1800_HAIV_0298.png,images/PHL1800_HAIV_0298.png,calibration,HAIV:FLUTE:my eyes welled up and i could feel my face turning red.,HAIVMet,positive,identity_appearance,PHC-060;PHC-114;PHC-133;PHC-134;PHC-136;PHC-161;PHC-192;PHC-203;PHC-315;PHC-317;PHC-345;PHC-363;PHC-364;PHC-382;PHC-440;PHC-481;PHC-490;PHC-498
F1352,F1352,PHL1800_IRFL_0091,PHL1800_IRFL_0091.webp,images/PHL1800_IRFL_0091.webp,calibration,IRFL:cross swords,IRFL,positive,power_conflict,PHC-060;PHC-114;PHC-133;PHC-134;PHC-136;PHC-315;PHC-317;PHC-345;PHC-363;PHC-364;PHC-382;PHC-417;PHC-418;PHC-440;PHC-481;PHC-483;PHC-490;PHC-498
F1357,F1357,PHL1800_HAIV_0490,PHL1800_HAIV_0490.png,images/PHL1800_HAIV_0490.png,calibration,HAIV:Tsvetkov:his kindness has really touched me.,HAIVMet,positive,social_existence,PHC-060;PHC-114;PHC-133;PHC-134;PHC-136;PHC-161;PHC-192;PHC-203;PHC-315;PHC-317;PHC-345;PHC-363;PHC-364;PHC-382;PHC-440
F1359,F1359,PHL1800_HAIV_0100,PHL1800_HAIV_0100.png,images/PHL1800_HAIV_0100.png,calibration,"HAIV:FLUTE:several thousand years in the future, humans evolved to be like fleshed automatons.",HAIVMet,positive,time_mortality,PHC-060;PHC-134;PHC-136;PHC-161;PHC-192;PHC-203;PHC-363;PHC-364;PHC-407;PHC-417;PHC-418;PHC-440;PHC-477;PHC-483;PHC-503
F1360,F1360,PHL1800_HL_0345,PHL1800_HL_0345.png,images/PHL1800_HL_0345.png,calibration,HL:train_12471.png,HL Dataset,positive,choice_journey,PHC-060;PHC-114;PHC-133;PHC-134;PHC-136;PHC-317;PHC-363;PHC-364;PHC-407;PHC-417;PHC-418;PHC-440;PHC-477;PHC-483;PHC-503
F1407,F1407,PHL1800_IRFL_0354,PHL1800_IRFL_0354.jpg,images/PHL1800_IRFL_0354.jpg,calibration,IRFL:as proud as a peacock,IRFL,positive,social_existence,PHC-060;PHC-114;PHC-133;PHC-134;PHC-136;PHC-161;PHC-192;PHC-203;PHC-317;PHC-363;PHC-364;PHC-417;PHC-418;PHC-440;PHC-483
F1413,F1413,PHL1800_HAIV_0202,PHL1800_HAIV_0202.png,images/PHL1800_HAIV_0202.png,calibration,"HAIV:FLUTE:arise, fair sun, and kill the envious moon",HAIVMet,positive,ethics_responsibility,PHC-055;PHC-060;PHC-066;PHC-080;PHC-114;PHC-133;PHC-134;PHC-136;PHC-161;PHC-192;PHC-203;PHC-317;PHC-363;PHC-364;PHC-440;PHC-481;PHC-490;PHC-498
F1418,F1418,PHL1800_IRFL_0245,PHL1800_IRFL_0245.jpg,images/PHL1800_IRFL_0245.jpg,calibration,IRFL:mutton dressed as lamb,IRFL,positive,time_mortality,PHC-055;PHC-060;PHC-066;PHC-080;PHC-134;PHC-136;PHC-161;PHC-192;PHC-203;PHC-363;PHC-364;PHC-407;PHC-440;PHC-477;PHC-503
F1444,F1444,PHL1800_HL_0542,PHL1800_HL_0542.png,images/PHL1800_HL_0542.png,calibration,HL:train_5705.png,HL Dataset,boundary,insufficient_evidence,PHC-055;PHC-060;PHC-066;PHC-080;PHC-114;PHC-133;PHC-134;PHC-136;PHC-315;PHC-317;PHC-345;PHC-363;PHC-364;PHC-382;PHC-417;PHC-418;PHC-440;PHC-483
F1446,F1446,PHL1800_MM_0091,PHL1800_MM_0091.jpg,images/PHL1800_MM_0091.jpg,calibration,MM:seed:1084,MM-MoralBench,positive,ethics_responsibility,PHC-114;PHC-133;PHC-134;PHC-136;PHC-161;PHC-192;PHC-203;PHC-315;PHC-317;PHC-345;PHC-382;PHC-417;PHC-418;PHC-440;PHC-483
F1447,F1447,PHL1800_HAIV_0157,PHL1800_HAIV_0157.png,images/PHL1800_HAIV_0157.png,calibration,HAIV:FLUTE:he carried the knowledge or beliefs of his tribe.,HAIVMet,positive,knowledge_truth,PHC-060;PHC-114;PHC-133;PHC-134;PHC-136;PHC-317;PHC-363;PHC-364;PHC-440
F1448,F1448,PHL1800_HL_0420,PHL1800_HL_0420.png,images/PHL1800_HL_0420.png,calibration,HL:train_7577.png,HL Dataset,positive,faith_meaning,PHC-055;PHC-060;PHC-066;PHC-080;PHC-114;PHC-133;PHC-134;PHC-136;PHC-317;PHC-363;PHC-364;PHC-407;PHC-417;PHC-418;PHC-440;PHC-477;PHC-483;PHC-503
F1461,F1461,PHL1800_HL_0495,PHL1800_HL_0495.png,images/PHL1800_HL_0495.png,calibration,HL:train_10530.png,HL Dataset,positive,labor_technology,PHC-060;PHC-134;PHC-136;PHC-161;PHC-192;PHC-203;PHC-363;PHC-364;PHC-407;PHC-417;PHC-418;PHC-440;PHC-477;PHC-483;PHC-503
F1479,F1479,PHL1800_HAIV_0217,PHL1800_HAIV_0217.png,images/PHL1800_HAIV_0217.png,calibration,HAIV:FLUTE:people were bolting out of the theater.,HAIVMet,positive,social_existence,PHC-055;PHC-060;PHC-066;PHC-080;PHC-114;PHC-133;PHC-134;PHC-136;PHC-161;PHC-192;PHC-203;PHC-289;PHC-317;PHC-361;PHC-363;PHC-364;PHC-440
F1483,F1483,PHL1800_HAIV_0002,PHL1800_HAIV_0002.png,images/PHL1800_HAIV_0002.png,calibration,HAIV:CoPoet:faith is a dangerous road that leads to the tattered ends of the earth,HAIVMet,positive,faith_meaning,PHC-055;PHC-066;PHC-080;PHC-114;PHC-133;PHC-134;PHC-136;PHC-289;PHC-317;PHC-361;PHC-417;PHC-418;PHC-440;PHC-483
F1489,F1489,PHL1800_IRFL_0409,PHL1800_IRFL_0409.jpg,images/PHL1800_IRFL_0409.jpg,calibration,IRFL:as red as a cherry,IRFL,positive,other_abstract_relation,PHC-055;PHC-060;PHC-066;PHC-080;PHC-114;PHC-133;PHC-134;PHC-136;PHC-161;PHC-192;PHC-203;PHC-317;PHC-363;PHC-364;PHC-407;PHC-440;PHC-477;PHC-503
F1495,F1495,PHL1800_HL_0498,PHL1800_HL_0498.png,images/PHL1800_HL_0498.png,calibration,HL:train_4904.png,HL Dataset,positive,labor_technology,PHC-055;PHC-060;PHC-066;PHC-080;PHC-114;PHC-133;PHC-134;PHC-136;PHC-317;PHC-363;PHC-364;PHC-417;PHC-418;PHC-440;PHC-483
F1497,F1497,PHL1800_IRFL_0027,PHL1800_IRFL_0027.jpg,images/PHL1800_IRFL_0027.jpg,calibration,IRFL:as proud as a peacock,IRFL,positive,social_existence,PHC-055;PHC-060;PHC-066;PHC-080;PHC-114;PHC-133;PHC-134;PHC-136;PHC-161;PHC-192;PHC-203;PHC-317;PHC-363;PHC-364;PHC-440
F1498,F1498,PHL1800_HAIV_0348,PHL1800_HAIV_0348.png,images/PHL1800_HAIV_0348.png,calibration,HAIV:CoPoet:love is a warrior_s yearning,HAIVMet,positive,social_existence,PHC-055;PHC-060;PHC-066;PHC-080;PHC-114;PHC-133;PHC-134;PHC-136;PHC-289;PHC-317;PHC-361;PHC-363;PHC-364;PHC-417;PHC-418;PHC-440;PHC-483
F1513,F1513,PHL1800_MM_0079,PHL1800_MM_0079.jpg,images/PHL1800_MM_0079.jpg,calibration,MM:seed:367,MM-MoralBench,positive,ethics_responsibility,PHC-114;PHC-133;PHC-134;PHC-136;PHC-315;PHC-317;PHC-345;PHC-382;PHC-417;PHC-418;PHC-440;PHC-481;PHC-483;PHC-490;PHC-498
F1519,F1519,PHL1800_IRFL_0059,PHL1800_IRFL_0059.jpg,images/PHL1800_IRFL_0059.jpg,calibration,IRFL:hold the ring,IRFL,positive,time_mortality,PHC-134;PHC-136;PHC-161;PHC-192;PHC-203;PHC-315;PHC-345;PHC-382;PHC-440;PHC-481;PHC-490;PHC-498
F1527,F1527,PHL1800_HAIV_0390,PHL1800_HAIV_0390.png,images/PHL1800_HAIV_0390.png,calibration,HAIV:CoPoet:the earth is a succulent sunday roast,HAIVMet,positive,labor_technology,PHC-055;PHC-066;PHC-080;PHC-114;PHC-133;PHC-134;PHC-136;PHC-315;PHC-317;PHC-345;PHC-382;PHC-417;PHC-418;PHC-440;PHC-481;PHC-483;PHC-490;PHC-498
F1531,F1531,PHL1800_IRFL_0446,PHL1800_IRFL_0446.jpg,images/PHL1800_IRFL_0446.jpg,calibration,IRFL:in the wink of an eye,IRFL,boundary,insufficient_evidence,PHC-060;PHC-134;PHC-136;PHC-161;PHC-192;PHC-203;PHC-363;PHC-364;PHC-417;PHC-418;PHC-440;PHC-483
F1539,F1539,PHL1800_HAIV_0164,PHL1800_HAIV_0164.png,images/PHL1800_HAIV_0164.png,calibration,HAIV:FLUTE:i waded through the work.,HAIVMet,positive,labor_technology,PHC-055;PHC-066;PHC-080;PHC-114;PHC-133;PHC-134;PHC-136;PHC-161;PHC-192;PHC-203;PHC-315;PHC-317;PHC-345;PHC-382;PHC-417;PHC-418;PHC-440;PHC-483
F1549,F1549,PHL1800_HAIV_0462,PHL1800_HAIV_0462.png,images/PHL1800_HAIV_0462.png,calibration,HAIV:Tsvetkov:countless marriages have survived initial problems.,HAIVMet,positive,social_existence,PHC-060;PHC-114;PHC-133;PHC-134;PHC-136;PHC-315;PHC-317;PHC-345;PHC-363;PHC-364;PHC-382;PHC-417;PHC-418;PHC-440;PHC-481;PHC-483;PHC-490;PHC-498
F1550,F1550,PHL1800_HL_0532,PHL1800_HL_0532.png,images/PHL1800_HL_0532.png,calibration,HL:test_799.png,HL Dataset,boundary,insufficient_evidence,PHC-055;PHC-060;PHC-066;PHC-080;PHC-114;PHC-133;PHC-134;PHC-136;PHC-161;PHC-192;PHC-203;PHC-317;PHC-363;PHC-364;PHC-417;PHC-418;PHC-440;PHC-483
F1568,F1568,PHL1800_IRFL_0252,PHL1800_IRFL_0252.jpg,images/PHL1800_IRFL_0252.jpg,calibration,IRFL:mutton dressed as lamb,IRFL,positive,time_mortality,PHC-055;PHC-060;PHC-066;PHC-080;PHC-134;PHC-136;PHC-161;PHC-192;PHC-203;PHC-363;PHC-364;PHC-417;PHC-418;PHC-440;PHC-483
F1608,F1608,PHL1800_HAIV_0505,PHL1800_HAIV_0505.png,images/PHL1800_HAIV_0505.png,calibration,HAIV:FigQA:a friend is a treasure.,HAIVMet,positive,social_existence,PHC-134;PHC-136;PHC-289;PHC-315;PHC-345;PHC-361;PHC-382;PHC-440
F1612,F1612,PHL1800_IRFL_0385,PHL1800_IRFL_0385.jpg,images/PHL1800_IRFL_0385.jpg,calibration,IRFL:as hard as rocks,IRFL,positive,other_abstract_relation,PHC-055;PHC-060;PHC-066;PHC-080;PHC-134;PHC-136;PHC-363;PHC-364;PHC-417;PHC-418;PHC-440;PHC-483
F1615,F1615,PHL1800_HAIV_0277,PHL1800_HAIV_0277.png,images/PHL1800_HAIV_0277.png,calibration,HAIV:FLUTE:he kissed her as though he were trying to win a sword fight,HAIVMet,positive,power_conflict,PHC-060;PHC-114;PHC-133;PHC-134;PHC-136;PHC-289;PHC-317;PHC-361;PHC-363;PHC-364;PHC-417;PHC-418;PHC-440;PHC-481;PHC-483;PHC-490;PHC-498
F1623,F1623,PHL1800_HL_0439,PHL1800_HL_0439.png,images/PHL1800_HL_0439.png,calibration,HL:train_13127.png,HL Dataset,positive,faith_meaning,PHC-055;PHC-066;PHC-080;PHC-114;PHC-133;PHC-134;PHC-136;PHC-289;PHC-317;PHC-361;PHC-407;PHC-417;PHC-418;PHC-440;PHC-477;PHC-483;PHC-503
F1628,F1628,PHL1800_HAIV_0328,PHL1800_HAIV_0328.png,images/PHL1800_HAIV_0328.png,calibration,HAIV:CoPoet:her soul is like a quiet sea,HAIVMet,positive,identity_appearance,PHC-055;PHC-060;PHC-066;PHC-080;PHC-114;PHC-133;PHC-134;PHC-136;PHC-161;PHC-192;PHC-203;PHC-317;PHC-363;PHC-364;PHC-417;PHC-418;PHC-440;PHC-483
F1630,F1630,PHL1800_MM_0115,PHL1800_MM_0115.jpg,images/PHL1800_MM_0115.jpg,calibration,MM:seed:543,MM-MoralBench,positive,ethics_responsibility,PHC-060;PHC-114;PHC-133;PHC-134;PHC-136;PHC-315;PHC-317;PHC-345;PHC-363;PHC-364;PHC-382;PHC-407;PHC-417;PHC-418;PHC-440;PHC-477;PHC-483;PHC-503
F1631,F1631,PHL1800_HAIV_0357,PHL1800_HAIV_0357.png,images/PHL1800_HAIV_0357.png,calibration,HAIV:CoPoet:death is like moonlight in a lofty wood,HAIVMet,positive,time_mortality,PHC-055;PHC-060;PHC-066;PHC-080;PHC-114;PHC-133;PHC-134;PHC-136;PHC-317;PHC-363;PHC-364;PHC-440
F1647,F1647,PHL1800_HL_0103,PHL1800_HL_0103.png,images/PHL1800_HL_0103.png,calibration,HL:train_5440.png,HL Dataset,positive,freedom_constraint,PHC-060;PHC-114;PHC-133;PHC-134;PHC-136;PHC-161;PHC-192;PHC-203;PHC-317;PHC-363;PHC-364;PHC-417;PHC-418;PHC-440;PHC-483
F1674,F1674,PHL1800_IRFL_0061,PHL1800_IRFL_0061.jpg,images/PHL1800_IRFL_0061.jpg,calibration,IRFL:under lock and key,IRFL,positive,freedom_constraint,PHC-134;PHC-136;PHC-417;PHC-418;PHC-440;PHC-481;PHC-483;PHC-490;PHC-498
F1684,F1684,PHL1800_IRFL_0353,PHL1800_IRFL_0353.jpg,images/PHL1800_IRFL_0353.jpg,calibration,IRFL:as strong as an ox,IRFL,positive,identity_appearance,PHC-055;PHC-060;PHC-066;PHC-080;PHC-134;PHC-136;PHC-363;PHC-364;PHC-407;PHC-417;PHC-418;PHC-440;PHC-477;PHC-481;PHC-483;PHC-490;PHC-498;PHC-503
F1692,F1692,PHL1800_IRFL_0440,PHL1800_IRFL_0440.jpg,images/PHL1800_IRFL_0440.jpg,calibration,IRFL:go to town,IRFL,boundary,insufficient_evidence,PHC-060;PHC-161;PHC-192;PHC-203;PHC-363;PHC-364;PHC-417;PHC-418;PHC-483
F1705,F1705,PHL1800_HAIV_0285,PHL1800_HAIV_0285.png,images/PHL1800_HAIV_0285.png,calibration,HAIV:FLUTE:my heart skips when he walks in the room.,HAIVMet,positive,social_existence,PHC-060;PHC-114;PHC-133;PHC-134;PHC-136;PHC-315;PHC-317;PHC-345;PHC-363;PHC-364;PHC-382;PHC-407;PHC-440;PHC-477;PHC-503
F1707,F1707,PHL1800_HL_0215,PHL1800_HL_0215.png,images/PHL1800_HL_0215.png,calibration,HL:train_7684.png,HL Dataset,positive,knowledge_truth,PHC-055;PHC-060;PHC-066;PHC-080;PHC-134;PHC-136;PHC-161;PHC-192;PHC-203;PHC-363;PHC-364;PHC-407;PHC-417;PHC-418;PHC-440;PHC-477;PHC-483;PHC-503
F1711,F1711,PHL1800_HL_0314,PHL1800_HL_0314.png,images/PHL1800_HL_0314.png,calibration,HL:train_12323.png,HL Dataset,positive,choice_journey,PHC-055;PHC-066;PHC-080;PHC-114;PHC-133;PHC-134;PHC-136;PHC-317;PHC-407;PHC-417;PHC-418;PHC-440;PHC-477;PHC-483;PHC-503
F1714,F1714,PHL1800_IRFL_0099,PHL1800_IRFL_0099.webp,images/PHL1800_IRFL_0099.webp,calibration,IRFL:cross swords,IRFL,positive,power_conflict,PHC-060;PHC-114;PHC-133;PHC-134;PHC-136;PHC-317;PHC-363;PHC-364;PHC-417;PHC-418;PHC-440;PHC-481;PHC-483;PHC-490;PHC-498
F1717,F1717,PHL1800_HL_0278,PHL1800_HL_0278.png,images/PHL1800_HL_0278.png,calibration,HL:train_13030.png,HL Dataset,positive,power_conflict,PHC-060;PHC-114;PHC-133;PHC-134;PHC-136;PHC-161;PHC-192;PHC-203;PHC-315;PHC-317;PHC-345;PHC-363;PHC-364;PHC-382;PHC-417;PHC-418;PHC-440;PHC-483
F1734,F1734,PHL1800_HAIV_0086,PHL1800_HAIV_0086.png,images/PHL1800_HAIV_0086.png,calibration,"HAIV:FLUTE:when the next tremor of terror tore though me, it made a very physical appearance when i was like a lone leaf in the dead of winter.",HAIVMet,positive,identity_appearance,PHC-055;PHC-060;PHC-066;PHC-080;PHC-114;PHC-133;PHC-134;PHC-136;PHC-161;PHC-192;PHC-203;PHC-317;PHC-363;PHC-364;PHC-417;PHC-418;PHC-440;PHC-483
F1753,F1753,PHL1800_HL_0376,PHL1800_HL_0376.png,images/PHL1800_HL_0376.png,calibration,HL:train_11571.png,HL Dataset,positive,social_existence,PHC-055;PHC-060;PHC-066;PHC-080;PHC-114;PHC-133;PHC-134;PHC-136;PHC-317;PHC-363;PHC-364;PHC-407;PHC-417;PHC-418;PHC-440;PHC-477;PHC-483;PHC-503
F1756,F1756,PHL1800_HL_0493,PHL1800_HL_0493.png,images/PHL1800_HL_0493.png,calibration,HL:test_625.png,HL Dataset,positive,labor_technology,PHC-055;PHC-060;PHC-066;PHC-080;PHC-134;PHC-136;PHC-161;PHC-192;PHC-203;PHC-363;PHC-364;PHC-417;PHC-418;PHC-440;PHC-481;PHC-483;PHC-490;PHC-498
F1759,F1759,PHL1800_HAIV_0146,PHL1800_HAIV_0146.png,images/PHL1800_HAIV_0146.png,calibration,HAIV:FLUTE:the government bowed to the military pressure.,HAIVMet,positive,power_conflict,PHC-060;PHC-134;PHC-136;PHC-161;PHC-192;PHC-203;PHC-315;PHC-345;PHC-363;PHC-364;PHC-382;PHC-417;PHC-418;PHC-440;PHC-481;PHC-483;PHC-490;PHC-498
F1779,F1779,PHL1800_HL_0237,PHL1800_HL_0237.png,images/PHL1800_HL_0237.png,calibration,HL:train_2488.png,HL Dataset,positive,ethics_responsibility,PHC-055;PHC-066;PHC-080;PHC-114;PHC-133;PHC-134;PHC-136;PHC-315;PHC-317;PHC-345;PHC-382;PHC-417;PHC-418;PHC-440;PHC-483
F1781,F1781,PHL1800_HL_0320,PHL1800_HL_0320.png,images/PHL1800_HL_0320.png,calibration,HL:train_13232.png,HL Dataset,positive,choice_journey,PHC-055;PHC-060;PHC-066;PHC-080;PHC-114;PHC-133;PHC-134;PHC-136;PHC-289;PHC-317;PHC-361;PHC-363;PHC-364;PHC-417;PHC-418;PHC-440;PHC-483
F1784,F1784,PHL1800_IRFL_0462,PHL1800_IRFL_0462.jpg,images/PHL1800_IRFL_0462.jpg,calibration,IRFL:light of my life,IRFL,boundary,insufficient_evidence,PHC-055;PHC-066;PHC-080;PHC-114;PHC-133;PHC-161;PHC-192;PHC-203;PHC-317
F1789,F1789,PHL1800_HL_0027,PHL1800_HL_0027.png,images/PHL1800_HL_0027.png,calibration,HL:train_4300.png,HL Dataset,positive,identity_appearance,PHC-060;PHC-134;PHC-136;PHC-161;PHC-192;PHC-203;PHC-363;PHC-364;PHC-407;PHC-417;PHC-418;PHC-440;PHC-477;PHC-483;PHC-503
F1794,F1794,PHL1800_HAIV_0455,PHL1800_HAIV_0455.png,images/PHL1800_HAIV_0455.png,calibration,HAIV:Tsvetkov:the future of our transportation system hangs in the balance.,HAIVMet,positive,time_mortality,PHC-114;PHC-133;PHC-134;PHC-136;PHC-315;PHC-317;PHC-345;PHC-382;PHC-407;PHC-417;PHC-418;PHC-440;PHC-477;PHC-481;PHC-483;PHC-490;PHC-498;PHC-503
F1795,F1795,PHL1800_HL_0081,PHL1800_HL_0081.png,images/PHL1800_HL_0081.png,calibration,HL:test_1239.png,HL Dataset,positive,freedom_constraint,PHC-055;PHC-060;PHC-066;PHC-080;PHC-114;PHC-133;PHC-134;PHC-136;PHC-317;PHC-363;PHC-364;PHC-417;PHC-418;PHC-440;PHC-483
