batch_id,phase,wave,position_in_batch,annotation_item_id
B001,pilot,W0,1,F0019
B001,pilot,W0,2,F0024
B001,pilot,W0,3,F0049
B001,pilot,W0,4,F0057
B001,pilot,W0,5,F0058
B001,pilot,W0,6,F0059
B001,pilot,W0,7,F0065
B001,pilot,W0,8,F0071
B001,pilot,W0,9,F0079
B001,pilot,W0,10,F0086
B001,pilot,W0,11,F0118
B001,pilot,W0,12,F0142
B001,pilot,W0,13,F0193
B001,pilot,W0,14,F0204
B001,pilot,W0,15,F0217
B001,pilot,W0,16,F0221
B001,pilot,W0,17,F0249
B001,pilot,W0,18,F0253
B001,pilot,W0,19,F0291
B001,pilot,W0,20,F0302
B001,pilot,W0,21,F0351
B001,pilot,W0,22,F0358
B001,pilot,W0,23,F0387
B001,pilot,W0,24,F0408
B001,pilot,W0,25,F0450
B001,pilot,W0,26,F0471
B001,pilot,W0,27,F0473
B001,pilot,W0,28,F0474
B001,pilot,W0,29,F0476
B001,pilot,W0,30,F0517
B001,pilot,W0,31,F0533
B001,pilot,W0,32,F0577
B001,pilot,W0,33,F0655
B001,pilot,W0,34,F0663
B001,pilot,W0,35,F0686
B001,pilot,W0,36,F0690
B001,pilot,W0,37,F0700
B001,pilot,W0,38,F0708
B001,pilot,W0,39,F0711
B001,pilot,W0,40,F0784
B001,pilot,W0,41,F0844
B001,pilot,W0,42,F0860
B001,pilot,W0,43,F0869
B001,pilot,W0,44,F0870
B001,pilot,W0,45,F0883
B001,pilot,W0,46,F0891
B001,pilot,W0,47,F0925
B001,pilot,W0,48,F0931
B001,pilot,W0,49,F0932
B001,pilot,W0,50,F0936
B002,pilot,W0,1,F0939
B002,pilot,W0,2,F0963
B002,pilot,W0,3,F1000
B002,pilot,W0,4,F1038
B002,pilot,W0,5,F1063
B002,pilot,W0,6,F1086
B002,pilot,W0,7,F1127
B002,pilot,W0,8,F1130
B002,pilot,W0,9,F1131
B002,pilot,W0,10,F1133
B002,pilot,W0,11,F1183
B002,pilot,W0,12,F1202
B002,pilot,W0,13,F1204
B002,pilot,W0,14,F1219
B002,pilot,W0,15,F1265
B002,pilot,W0,16,F1267
B002,pilot,W0,17,F1269
B002,pilot,W0,18,F1281
B002,pilot,W0,19,F1289
B002,pilot,W0,20,F1313
B002,pilot,W0,21,F1319
B002,pilot,W0,22,F1343
B002,pilot,W0,23,F1353
B002,pilot,W0,24,F1367
B002,pilot,W0,25,F1373
B002,pilot,W0,26,F1385
B002,pilot,W0,27,F1387
B002,pilot,W0,28,F1388
B002,pilot,W0,29,F1395
B002,pilot,W0,30,F1405
B002,pilot,W0,31,F1453
B002,pilot,W0,32,F1454
B002,pilot,W0,33,F1483
B002,pilot,W0,34,F1487
B002,pilot,W0,35,F1497
B002,pilot,W0,36,F1505
B002,pilot,W0,37,F1506
B002,pilot,W0,38,F1521
B002,pilot,W0,39,F1591
B002,pilot,W0,40,F1592
B002,pilot,W0,41,F1609
B002,pilot,W0,42,F1637
B002,pilot,W0,43,F1642
B002,pilot,W0,44,F1670
B002,pilot,W0,45,F1719
B002,pilot,W0,46,F1722
B002,pilot,W0,47,F1745
B002,pilot,W0,48,F1773
B002,pilot,W0,49,F1789
B002,pilot,W0,50,F1800
B003,production,W1,1,F0001
B003,production,W1,2,F0002
B003,production,W1,3,F0003
B003,production,W1,4,F0004
B003,production,W1,5,F0005
B003,production,W1,6,F0006
B003,production,W1,7,F0007
B003,production,W1,8,F0008
B003,production,W1,9,F0009
B003,production,W1,10,F0010
B003,production,W1,11,F0011
B003,production,W1,12,F0012
B003,production,W1,13,F0013
B003,production,W1,14,F0014
B003,production,W1,15,F0015
B003,production,W1,16,F0016
B003,production,W1,17,F0017
B003,production,W1,18,F0018
B003,production,W1,19,F0020
B003,production,W1,20,F0021
B003,production,W1,21,F0022
B003,production,W1,22,F0023
B003,production,W1,23,F0025
B003,production,W1,24,F0026
B003,production,W1,25,F0027
B003,production,W1,26,F0028
B003,production,W1,27,F0029
B003,production,W1,28,F0030
B003,production,W1,29,F0031
B003,production,W1,30,F0032
B003,production,W1,31,F0033
B003,production,W1,32,F0034
B003,production,W1,33,F0035
B003,production,W1,34,F0036
B003,production,W1,35,F0037
B003,production,W1,36,F0038
B003,production,W1,37,F0039
B003,production,W1,38,F0040
B003,production,W1,39,F0041
B003,production,W1,40,F0042
B003,production,W1,41,F0043
B003,production,W1,42,F0044
B003,production,W1,43,F0045
B003,production,W1,44,F0046
B003,production,W1,45,F0047
B003,production,W1,46,F0048
B003,production,W1,47,F0050
B003,production,W1,48,F0051
B003,production,W1,49,F0052
B003,production,W1,50,F0053
B004,production,W1,1,F0054
B004,production,W1,2,F0055
B004,production,W1,3,F0056
B004,production,W1,4,F0060
B004,production,W1,5,F0061
B004,production,W1,6,F0062
B004,production,W1,7,F0063
B004,production,W1,8,F0064
B004,production,W1,9,F0066
B004,production,W1,10,F0067
B004,production,W1,11,F0068
B004,production,W1,12,F0069
B004,production,W1,13,F0070
B004,production,W1,14,F0072
B004,production,W1,15,F0073
B004,production,W1,16,F0074
B004,production,W1,17,F0075
B004,production,W1,18,F0076
B004,production,W1,19,F0077
B004,production,W1,20,F0078
B004,production,W1,21,F0080
B004,production,W1,22,F0081
B004,production,W1,23,F0082
B004,production,W1,24,F0083
B004,production,W1,25,F0084
B004,production,W1,26,F0085
B004,production,W1,27,F0087
B004,production,W1,28,F0088
B004,production,W1,29,F0089
B004,production,W1,30,F0090
B004,production,W1,31,F0091
B004,production,W1,32,F0092
B004,production,W1,33,F0093
B004,production,W1,34,F0094
B004,production,W1,35,F0095
B004,production,W1,36,F0096
B004,production,W1,37,F0097
B004,production,W1,38,F0098
B004,production,W1,39,F0099
B004,production,W1,40,F0100
B004,production,W1,41,F0101
B004,production,W1,42,F0102
B004,production,W1,43,F0103
B004,production,W1,44,F0104
B004,production,W1,45,F0105
B004,production,W1,46,F0106
B004,production,W1,47,F0107
B004,production,W1,48,F0108
B004,production,W1,49,F0109
B004,production,W1,50,F0110
B005,production,W1,1,F0111
B005,production,W1,2,F0112
B005,production,W1,3,F0113
B005,production,W1,4,F0114
B005,production,W1,5,F0115
B005,production,W1,6,F0116
B005,production,W1,7,F0117
B005,production,W1,8,F0119
B005,production,W1,9,F0120
B005,production,W1,10,F0121
B005,production,W1,11,F0122
B005,production,W1,12,F0123
B005,production,W1,13,F0124
B005,production,W1,14,F0125
B005,production,W1,15,F0126
B005,production,W1,16,F0127
B005,production,W1,17,F0128
B005,production,W1,18,F0129
B005,production,W1,19,F0130
B005,production,W1,20,F0131
B005,production,W1,21,F0132
B005,production,W1,22,F0133
B005,production,W1,23,F0134
B005,production,W1,24,F0135
B005,production,W1,25,F0136
B005,production,W1,26,F0137
B005,production,W1,27,F0138
B005,production,W1,28,F0139
B005,production,W1,29,F0140
B005,production,W1,30,F0141
B005,production,W1,31,F0143
B005,production,W1,32,F0144
B005,production,W1,33,F0145
B005,production,W1,34,F0146
B005,production,W1,35,F0147
B005,production,W1,36,F0148
B005,production,W1,37,F0149
B005,production,W1,38,F0150
B005,production,W1,39,F0151
B005,production,W1,40,F0152
B005,production,W1,41,F0153
B005,production,W1,42,F0154
B005,production,W1,43,F0155
B005,production,W1,44,F0156
B005,production,W1,45,F0157
B005,production,W1,46,F0158
B005,production,W1,47,F0159
B005,production,W1,48,F0160
B005,production,W1,49,F0161
B005,production,W1,50,F0162
B006,production,W1,1,F0163
B006,production,W1,2,F0164
B006,production,W1,3,F0165
B006,production,W1,4,F0166
B006,production,W1,5,F0167
B006,production,W1,6,F0168
B006,production,W1,7,F0169
B006,production,W1,8,F0170
B006,production,W1,9,F0171
B006,production,W1,10,F0172
B006,production,W1,11,F0173
B006,production,W1,12,F0174
B006,production,W1,13,F0175
B006,production,W1,14,F0176
B006,production,W1,15,F0177
B006,production,W1,16,F0178
B006,production,W1,17,F0179
B006,production,W1,18,F0180
B006,production,W1,19,F0181
B006,production,W1,20,F0182
B006,production,W1,21,F0183
B006,production,W1,22,F0184
B006,production,W1,23,F0185
B006,production,W1,24,F0186
B006,production,W1,25,F0187
B006,production,W1,26,F0188
B006,production,W1,27,F0189
B006,production,W1,28,F0190
B006,production,W1,29,F0191
B006,production,W1,30,F0192
B006,production,W1,31,F0194
B006,production,W1,32,F0195
B006,production,W1,33,F0196
B006,production,W1,34,F0197
B006,production,W1,35,F0198
B006,production,W1,36,F0199
B006,production,W1,37,F0200
B006,production,W1,38,F0201
B006,production,W1,39,F0202
B006,production,W1,40,F0203
B006,production,W1,41,F0205
B006,production,W1,42,F0206
B006,production,W1,43,F0207
B006,production,W1,44,F0208
B006,production,W1,45,F0209
B006,production,W1,46,F0210
B006,production,W1,47,F0211
B006,production,W1,48,F0212
B006,production,W1,49,F0213
B006,production,W1,50,F0214
B007,production,W1,1,F0215
B007,production,W1,2,F0216
B007,production,W1,3,F0218
B007,production,W1,4,F0219
B007,production,W1,5,F0220
B007,production,W1,6,F0222
B007,production,W1,7,F0223
B007,production,W1,8,F0224
B007,production,W1,9,F0225
B007,production,W1,10,F0226
B007,production,W1,11,F0227
B007,production,W1,12,F0228
B007,production,W1,13,F0229
B007,production,W1,14,F0230
B007,production,W1,15,F0231
B007,production,W1,16,F0232
B007,production,W1,17,F0233
B007,production,W1,18,F0234
B007,production,W1,19,F0235
B007,production,W1,20,F0236
B007,production,W1,21,F0237
B007,production,W1,22,F0238
B007,production,W1,23,F0239
B007,production,W1,24,F0240
B007,production,W1,25,F0241
B007,production,W1,26,F0242
B007,production,W1,27,F0243
B007,production,W1,28,F0244
B007,production,W1,29,F0245
B007,production,W1,30,F0246
B007,production,W1,31,F0247
B007,production,W1,32,F0248
B007,production,W1,33,F0250
B007,production,W1,34,F0251
B007,production,W1,35,F0252
B007,production,W1,36,F0254
B007,production,W1,37,F0255
B007,production,W1,38,F0256
B007,production,W1,39,F0257
B007,production,W1,40,F0258
B007,production,W1,41,F0259
B007,production,W1,42,F0260
B007,production,W1,43,F0261
B007,production,W1,44,F0262
B007,production,W1,45,F0263
B007,production,W1,46,F0264
B007,production,W1,47,F0265
B007,production,W1,48,F0266
B007,production,W1,49,F0267
B007,production,W1,50,F0268
B008,production,W1,1,F0269
B008,production,W1,2,F0270
B008,production,W1,3,F0271
B008,production,W1,4,F0272
B008,production,W1,5,F0273
B008,production,W1,6,F0274
B008,production,W1,7,F0275
B008,production,W1,8,F0276
B008,production,W1,9,F0277
B008,production,W1,10,F0278
B008,production,W1,11,F0279
B008,production,W1,12,F0280
B008,production,W1,13,F0281
B008,production,W1,14,F0282
B008,production,W1,15,F0283
B008,production,W1,16,F0284
B008,production,W1,17,F0285
B008,production,W1,18,F0286
B008,production,W1,19,F0287
B008,production,W1,20,F0288
B008,production,W1,21,F0289
B008,production,W1,22,F0290
B008,production,W1,23,F0292
B008,production,W1,24,F0293
B008,production,W1,25,F0294
B008,production,W1,26,F0295
B008,production,W1,27,F0296
B008,production,W1,28,F0297
B008,production,W1,29,F0298
B008,production,W1,30,F0299
B008,production,W1,31,F0300
B008,production,W1,32,F0301
B008,production,W1,33,F0303
B008,production,W1,34,F0304
B008,production,W1,35,F0305
B008,production,W1,36,F0306
B008,production,W1,37,F0307
B008,production,W1,38,F0308
B008,production,W1,39,F0309
B008,production,W1,40,F0310
B008,production,W1,41,F0311
B008,production,W1,42,F0312
B008,production,W1,43,F0313
B008,production,W1,44,F0314
B008,production,W1,45,F0315
B008,production,W1,46,F0316
B008,production,W1,47,F0317
B008,production,W1,48,F0318
B008,production,W1,49,F0319
B008,production,W1,50,F0320
B009,production,W1,1,F0321
B009,production,W1,2,F0322
B009,production,W1,3,F0323
B009,production,W1,4,F0324
B009,production,W1,5,F0325
B009,production,W1,6,F0326
B009,production,W1,7,F0327
B009,production,W1,8,F0328
B009,production,W1,9,F0329
B009,production,W1,10,F0330
B009,production,W1,11,F0331
B009,production,W1,12,F0332
B009,production,W1,13,F0333
B009,production,W1,14,F0334
B009,production,W1,15,F0335
B009,production,W1,16,F0336
B009,production,W1,17,F0337
B009,production,W1,18,F0338
B009,production,W1,19,F0339
B009,production,W1,20,F0340
B009,production,W1,21,F0341
B009,production,W1,22,F0342
B009,production,W1,23,F0343
B009,production,W1,24,F0344
B009,production,W1,25,F0345
B009,production,W1,26,F0346
B009,production,W1,27,F0347
B009,production,W1,28,F0348
B009,production,W1,29,F0349
B009,production,W1,30,F0350
B009,production,W1,31,F0352
B009,production,W1,32,F0353
B009,production,W1,33,F0354
B009,production,W1,34,F0355
B009,production,W1,35,F0356
B009,production,W1,36,F0357
B009,production,W1,37,F0359
B009,production,W1,38,F0360
B009,production,W1,39,F0361
B009,production,W1,40,F0362
B009,production,W1,41,F0363
B009,production,W1,42,F0364
B009,production,W1,43,F0365
B009,production,W1,44,F0366
B009,production,W1,45,F0367
B009,production,W1,46,F0368
B009,production,W1,47,F0369
B009,production,W1,48,F0370
B009,production,W1,49,F0371
B009,production,W1,50,F0372
B010,production,W1,1,F0373
B010,production,W1,2,F0374
B010,production,W1,3,F0375
B010,production,W1,4,F0376
B010,production,W1,5,F0377
B010,production,W1,6,F0378
B010,production,W1,7,F0379
B010,production,W1,8,F0380
B010,production,W1,9,F0381
B010,production,W1,10,F0382
B010,production,W1,11,F0383
B010,production,W1,12,F0384
B010,production,W1,13,F0385
B010,production,W1,14,F0386
B010,production,W1,15,F0388
B010,production,W1,16,F0389
B010,production,W1,17,F0390
B010,production,W1,18,F0391
B010,production,W1,19,F0392
B010,production,W1,20,F0393
B010,production,W1,21,F0394
B010,production,W1,22,F0395
B010,production,W1,23,F0396
B010,production,W1,24,F0397
B010,production,W1,25,F0398
B010,production,W1,26,F0399
B010,production,W1,27,F0400
B010,production,W1,28,F0401
B010,production,W1,29,F0402
B010,production,W1,30,F0403
B010,production,W1,31,F0404
B010,production,W1,32,F0405
B010,production,W1,33,F0406
B010,production,W1,34,F0407
B010,production,W1,35,F0409
B010,production,W1,36,F0410
B010,production,W1,37,F0411
B010,production,W1,38,F0412
B010,production,W1,39,F0413
B010,production,W1,40,F0414
B010,production,W1,41,F0415
B010,production,W1,42,F0416
B010,production,W1,43,F0417
B010,production,W1,44,F0418
B010,production,W1,45,F0419
B010,production,W1,46,F0420
B010,production,W1,47,F0421
B010,production,W1,48,F0422
B010,production,W1,49,F0423
B010,production,W1,50,F0424
B011,production,W1,1,F0425
B011,production,W1,2,F0426
B011,production,W1,3,F0427
B011,production,W1,4,F0428
B011,production,W1,5,F0429
B011,production,W1,6,F0430
B011,production,W1,7,F0431
B011,production,W1,8,F0432
B011,production,W1,9,F0433
B011,production,W1,10,F0434
B011,production,W1,11,F0435
B011,production,W1,12,F0436
B011,production,W1,13,F0437
B011,production,W1,14,F0438
B011,production,W1,15,F0439
B011,production,W1,16,F0440
B011,production,W1,17,F0441
B011,production,W1,18,F0442
B011,production,W1,19,F0443
B011,production,W1,20,F0444
B011,production,W1,21,F0445
B011,production,W1,22,F0446
B011,production,W1,23,F0447
B011,production,W1,24,F0448
B011,production,W1,25,F0449
B011,production,W1,26,F0451
B011,production,W1,27,F0452
B011,production,W1,28,F0453
B011,production,W1,29,F0454
B011,production,W1,30,F0455
B011,production,W1,31,F0456
B011,production,W1,32,F0457
B011,production,W1,33,F0458
B011,production,W1,34,F0459
B011,production,W1,35,F0460
B011,production,W1,36,F0461
B011,production,W1,37,F0462
B011,production,W1,38,F0463
B011,production,W1,39,F0464
B011,production,W1,40,F0465
B011,production,W1,41,F0466
B011,production,W1,42,F0467
B011,production,W1,43,F0468
B011,production,W1,44,F0469
B011,production,W1,45,F0470
B011,production,W1,46,F0472
B011,production,W1,47,F0475
B011,production,W1,48,F0477
B011,production,W1,49,F0478
B011,production,W1,50,F0479
B012,production,W2,1,F0480
B012,production,W2,2,F0481
B012,production,W2,3,F0482
B012,production,W2,4,F0483
B012,production,W2,5,F0484
B012,production,W2,6,F0485
B012,production,W2,7,F0486
B012,production,W2,8,F0487
B012,production,W2,9,F0488
B012,production,W2,10,F0489
B012,production,W2,11,F0490
B012,production,W2,12,F0491
B012,production,W2,13,F0492
B012,production,W2,14,F0493
B012,production,W2,15,F0494
B012,production,W2,16,F0495
B012,production,W2,17,F0496
B012,production,W2,18,F0497
B012,production,W2,19,F0498
B012,production,W2,20,F0499
B012,production,W2,21,F0500
B012,production,W2,22,F0501
B012,production,W2,23,F0502
B012,production,W2,24,F0503
B012,production,W2,25,F0504
B012,production,W2,26,F0505
B012,production,W2,27,F0506
B012,production,W2,28,F0507
B012,production,W2,29,F0508
B012,production,W2,30,F0509
B012,production,W2,31,F0510
B012,production,W2,32,F0511
B012,production,W2,33,F0512
B012,production,W2,34,F0513
B012,production,W2,35,F0514
B012,production,W2,36,F0515
B012,production,W2,37,F0516
B012,production,W2,38,F0518
B012,production,W2,39,F0519
B012,production,W2,40,F0520
B012,production,W2,41,F0521
B012,production,W2,42,F0522
B012,production,W2,43,F0523
B012,production,W2,44,F0524
B012,production,W2,45,F0525
B012,production,W2,46,F0526
B012,production,W2,47,F0527
B012,production,W2,48,F0528
B012,production,W2,49,F0529
B012,production,W2,50,F0530
B013,production,W2,1,F0531
B013,production,W2,2,F0532
B013,production,W2,3,F0534
B013,production,W2,4,F0535
B013,production,W2,5,F0536
B013,production,W2,6,F0537
B013,production,W2,7,F0538
B013,production,W2,8,F0539
B013,production,W2,9,F0540
B013,production,W2,10,F0541
B013,production,W2,11,F0542
B013,production,W2,12,F0543
B013,production,W2,13,F0544
B013,production,W2,14,F0545
B013,production,W2,15,F0546
B013,production,W2,16,F0547
B013,production,W2,17,F0548
B013,production,W2,18,F0549
B013,production,W2,19,F0550
B013,production,W2,20,F0551
B013,production,W2,21,F0552
B013,production,W2,22,F0553
B013,production,W2,23,F0554
B013,production,W2,24,F0555
B013,production,W2,25,F0556
B013,production,W2,26,F0557
B013,production,W2,27,F0558
B013,production,W2,28,F0559
B013,production,W2,29,F0560
B013,production,W2,30,F0561
B013,production,W2,31,F0562
B013,production,W2,32,F0563
B013,production,W2,33,F0564
B013,production,W2,34,F0565
B013,production,W2,35,F0566
B013,production,W2,36,F0567
B013,production,W2,37,F0568
B013,production,W2,38,F0569
B013,production,W2,39,F0570
B013,production,W2,40,F0571
B013,production,W2,41,F0572
B013,production,W2,42,F0573
B013,production,W2,43,F0574
B013,production,W2,44,F0575
B013,production,W2,45,F0576
B013,production,W2,46,F0578
B013,production,W2,47,F0579
B013,production,W2,48,F0580
B013,production,W2,49,F0581
B013,production,W2,50,F0582
B014,production,W2,1,F0583
B014,production,W2,2,F0584
B014,production,W2,3,F0585
B014,production,W2,4,F0586
B014,production,W2,5,F0587
B014,production,W2,6,F0588
B014,production,W2,7,F0589
B014,production,W2,8,F0590
B014,production,W2,9,F0591
B014,production,W2,10,F0592
B014,production,W2,11,F0593
B014,production,W2,12,F0594
B014,production,W2,13,F0595
B014,production,W2,14,F0596
B014,production,W2,15,F0597
B014,production,W2,16,F0598
B014,production,W2,17,F0599
B014,production,W2,18,F0600
B014,production,W2,19,F0601
B014,production,W2,20,F0602
B014,production,W2,21,F0603
B014,production,W2,22,F0604
B014,production,W2,23,F0605
B014,production,W2,24,F0606
B014,production,W2,25,F0607
B014,production,W2,26,F0608
B014,production,W2,27,F0609
B014,production,W2,28,F0610
B014,production,W2,29,F0611
B014,production,W2,30,F0612
B014,production,W2,31,F0613
B014,production,W2,32,F0614
B014,production,W2,33,F0615
B014,production,W2,34,F0616
B014,production,W2,35,F0617
B014,production,W2,36,F0618
B014,production,W2,37,F0619
B014,production,W2,38,F0620
B014,production,W2,39,F0621
B014,production,W2,40,F0622
B014,production,W2,41,F0623
B014,production,W2,42,F0624
B014,production,W2,43,F0625
B014,production,W2,44,F0626
B014,production,W2,45,F0627
B014,production,W2,46,F0628
B014,production,W2,47,F0629
B014,production,W2,48,F0630
B014,production,W2,49,F0631
B014,production,W2,50,F0632
B015,production,W2,1,F0633
B015,production,W2,2,F0634
B015,production,W2,3,F0635
B015,production,W2,4,F0636
B015,production,W2,5,F0637
B015,production,W2,6,F0638
B015,production,W2,7,F0639
B015,production,W2,8,F0640
B015,production,W2,9,F0641
B015,production,W2,10,F0642
B015,production,W2,11,F0643
B015,production,W2,12,F0644
B015,production,W2,13,F0645
B015,production,W2,14,F0646
B015,production,W2,15,F0647
B015,production,W2,16,F0648
B015,production,W2,17,F0649
B015,production,W2,18,F0650
B015,production,W2,19,F0651
B015,production,W2,20,F0652
B015,production,W2,21,F0653
B015,production,W2,22,F0654
B015,production,W2,23,F0656
B015,production,W2,24,F0657
B015,production,W2,25,F0658
B015,production,W2,26,F0659
B015,production,W2,27,F0660
B015,production,W2,28,F0661
B015,production,W2,29,F0662
B015,production,W2,30,F0664
B015,production,W2,31,F0665
B015,production,W2,32,F0666
B015,production,W2,33,F0667
B015,production,W2,34,F0668
B015,production,W2,35,F0669
B015,production,W2,36,F0670
B015,production,W2,37,F0671
B015,production,W2,38,F0672
B015,production,W2,39,F0673
B015,production,W2,40,F0674
B015,production,W2,41,F0675
B015,production,W2,42,F0676
B015,production,W2,43,F0677
B015,production,W2,44,F0678
B015,production,W2,45,F0679
B015,production,W2,46,F0680
B015,production,W2,47,F0681
B015,production,W2,48,F0682
B015,production,W2,49,F0683
B015,production,W2,50,F0684
B016,production,W2,1,F0685
B016,production,W2,2,F0687
B016,production,W2,3,F0688
B016,production,W2,4,F0689
B016,production,W2,5,F0691
B016,production,W2,6,F0692
B016,production,W2,7,F0693
B016,production,W2,8,F0694
B016,production,W2,9,F0695
B016,production,W2,10,F0696
B016,production,W2,11,F0697
B016,production,W2,12,F0698
B016,production,W2,13,F0699
B016,production,W2,14,F0701
B016,production,W2,15,F0702
B016,production,W2,16,F0703
B016,production,W2,17,F0704
B016,production,W2,18,F0705
B016,production,W2,19,F0706
B016,production,W2,20,F0707
B016,production,W2,21,F0709
B016,production,W2,22,F0710
B016,production,W2,23,F0712
B016,production,W2,24,F0713
B016,production,W2,25,F0714
B016,production,W2,26,F0715
B016,production,W2,27,F0716
B016,production,W2,28,F0717
B016,production,W2,29,F0718
B016,production,W2,30,F0719
B016,production,W2,31,F0720
B016,production,W2,32,F0721
B016,production,W2,33,F0722
B016,production,W2,34,F0723
B016,production,W2,35,F0724
B016,production,W2,36,F0725
B016,production,W2,37,F0726
B016,production,W2,38,F0727
B016,production,W2,39,F0728
B016,production,W2,40,F0729
B016,production,W2,41,F0730
B016,production,W2,42,F0731
B016,production,W2,43,F0732
B016,production,W2,44,F0733
B016,production,W2,45,F0734
B016,production,W2,46,F0735
B016,production,W2,47,F0736
B016,production,W2,48,F0737
B016,production,W2,49,F0738
B016,production,W2,50,F0739
B017,production,W2,1,F0740
B017,production,W2,2,F0741
B017,production,W2,3,F0742
B017,production,W2,4,F0743
B017,production,W2,5,F0744
B017,production,W2,6,F0745
B017,production,W2,7,F0746
B017,production,W2,8,F0747
B017,production,W2,9,F0748
B017,production,W2,10,F0749
B017,production,W2,11,F0750
B017,production,W2,12,F0751
B017,production,W2,13,F0752
B017,production,W2,14,F0753
B017,production,W2,15,F0754
B017,production,W2,16,F0755
B017,production,W2,17,F0756
B017,production,W2,18,F0757
B017,production,W2,19,F0758
B017,production,W2,20,F0759
B017,production,W2,21,F0760
B017,production,W2,22,F0761
B017,production,W2,23,F0762
B017,production,W2,24,F0763
B017,production,W2,25,F0764
B017,production,W2,26,F0765
B017,production,W2,27,F0766
B017,production,W2,28,F0767
B017,production,W2,29,F0768
B017,production,W2,30,F0769
B017,production,W2,31,F0770
B017,production,W2,32,F0771
B017,production,W2,33,F0772
B017,production,W2,34,F0773
B017,production,W2,35,F0774
B017,production,W2,36,F0775
B017,production,W2,37,F0776
B017,production,W2,38,F0777
B017,production,W2,39,F0778
B017,production,W2,40,F0779
B017,production,W2,41,F0780
B017,production,W2,42,F0781
B017,production,W2,43,F0782
B017,production,W2,44,F0783
B017,production,W2,45,F0785
B017,production,W2,46,F0786
B017,production,W2,47,F0787
B017,production,W2,48,F0788
B017,production,W2,49,F0789
B017,production,W2,50,F0790
B018,production,W2,1,F0791
B018,production,W2,2,F0792
B018,production,W2,3,F0793
B018,production,W2,4,F0794
B018,production,W2,5,F0795
B018,production,W2,6,F0796
B018,production,W2,7,F0797
B018,production,W2,8,F0798
B018,production,W2,9,F0799
B018,production,W2,10,F0800
B018,production,W2,11,F0801
B018,production,W2,12,F0802
B018,production,W2,13,F0803
B018,production,W2,14,F0804
B018,production,W2,15,F0805
B018,production,W2,16,F0806
B018,production,W2,17,F0807
B018,production,W2,18,F0808
B018,production,W2,19,F0809
B018,production,W2,20,F0810
B018,production,W2,21,F0811
B018,production,W2,22,F0812
B018,production,W2,23,F0813
B018,production,W2,24,F0814
B018,production,W2,25,F0815
B018,production,W2,26,F0816
B018,production,W2,27,F0817
B018,production,W2,28,F0818
B018,production,W2,29,F0819
B018,production,W2,30,F0820
B018,production,W2,31,F0821
B018,production,W2,32,F0822
B018,production,W2,33,F0823
B018,production,W2,34,F0824
B018,production,W2,35,F0825
B018,production,W2,36,F0826
B018,production,W2,37,F0827
B018,production,W2,38,F0828
B018,production,W2,39,F0829
B018,production,W2,40,F0830
B018,production,W2,41,F0831
B018,production,W2,42,F0832
B018,production,W2,43,F0833
B018,production,W2,44,F0834
B018,production,W2,45,F0835
B018,production,W2,46,F0836
B018,production,W2,47,F0837
B018,production,W2,48,F0838
B018,production,W2,49,F0839
B018,production,W2,50,F0840
B019,production,W2,1,F0841
B019,production,W2,2,F0842
B019,production,W2,3,F0843
B019,production,W2,4,F0845
B019,production,W2,5,F0846
B019,production,W2,6,F0847
B019,production,W2,7,F0848
B019,production,W2,8,F0849
B019,production,W2,9,F0850
B019,production,W2,10,F0851
B019,production,W2,11,F0852
B019,production,W2,12,F0853
B019,production,W2,13,F0854
B019,production,W2,14,F0855
B019,production,W2,15,F0856
B019,production,W2,16,F0857
B019,production,W2,17,F0858
B019,production,W2,18,F0859
B019,production,W2,19,F0861
B019,production,W2,20,F0862
B019,production,W2,21,F0863
B019,production,W2,22,F0864
B019,production,W2,23,F0865
B019,production,W2,24,F0866
B019,production,W2,25,F0867
B019,production,W2,26,F0868
B019,production,W2,27,F0871
B019,production,W2,28,F0872
B019,production,W2,29,F0873
B019,production,W2,30,F0874
B019,production,W2,31,F0875
B019,production,W2,32,F0876
B019,production,W2,33,F0877
B019,production,W2,34,F0878
B019,production,W2,35,F0879
B019,production,W2,36,F0880
B019,production,W2,37,F0881
B019,production,W2,38,F0882
B019,production,W2,39,F0884
B019,production,W2,40,F0885
B019,production,W2,41,F0886
B019,production,W2,42,F0887
B019,production,W2,43,F0888
B019,production,W2,44,F0889
B019,production,W2,45,F0890
B019,production,W2,46,F0892
B019,production,W2,47,F0893
B019,production,W2,48,F0894
B019,production,W2,49,F0895
B019,production,W2,50,F0896
B020,production,W2,1,F0897
B020,production,W2,2,F0898
B020,production,W2,3,F0899
B020,production,W2,4,F0900
B020,production,W2,5,F0901
B020,production,W2,6,F0902
B020,production,W2,7,F0903
B020,production,W2,8,F0904
B020,production,W2,9,F0905
B020,production,W2,10,F0906
B020,production,W2,11,F0907
B020,production,W2,12,F0908
B020,production,W2,13,F0909
B020,production,W2,14,F0910
B020,production,W2,15,F0911
B020,production,W2,16,F0912
B020,production,W2,17,F0913
B020,production,W2,18,F0914
B020,production,W2,19,F0915
B020,production,W2,20,F0916
B020,production,W2,21,F0917
B020,production,W2,22,F0918
B020,production,W2,23,F0919
B020,production,W2,24,F0920
B020,production,W2,25,F0921
B020,production,W2,26,F0922
B020,production,W2,27,F0923
B020,production,W2,28,F0924
B020,production,W2,29,F0926
B020,production,W2,30,F0927
B020,production,W2,31,F0928
B020,production,W2,32,F0929
B020,production,W2,33,F0930
B020,production,W2,34,F0933
B020,production,W2,35,F0934
B020,production,W2,36,F0935
B020,production,W2,37,F0937
B020,production,W2,38,F0938
B020,production,W2,39,F0940
B020,production,W2,40,F0941
B020,production,W2,41,F0942
B020,production,W2,42,F0943
B020,production,W2,43,F0944
B020,production,W2,44,F0945
B020,production,W2,45,F0946
B020,production,W2,46,F0947
B020,production,W2,47,F0948
B020,production,W2,48,F0949
B020,production,W2,49,F0950
B020,production,W2,50,F0951
B021,production,W3,1,F0952
B021,production,W3,2,F0953
B021,production,W3,3,F0954
B021,production,W3,4,F0955
B021,production,W3,5,F0956
B021,production,W3,6,F0957
B021,production,W3,7,F0958
B021,production,W3,8,F0959
B021,production,W3,9,F0960
B021,production,W3,10,F0961
B021,production,W3,11,F0962
B021,production,W3,12,F0964
B021,production,W3,13,F0965
B021,production,W3,14,F0966
B021,production,W3,15,F0967
B021,production,W3,16,F0968
B021,production,W3,17,F0969
B021,production,W3,18,F0970
B021,production,W3,19,F0971
B021,production,W3,20,F0972
B021,production,W3,21,F0973
B021,production,W3,22,F0974
B021,production,W3,23,F0975
B021,production,W3,24,F0976
B021,production,W3,25,F0977
B021,production,W3,26,F0978
B021,production,W3,27,F0979
B021,production,W3,28,F0980
B021,production,W3,29,F0981
B021,production,W3,30,F0982
B021,production,W3,31,F0983
B021,production,W3,32,F0984
B021,production,W3,33,F0985
B021,production,W3,34,F0986
B021,production,W3,35,F0987
B021,production,W3,36,F0988
B021,production,W3,37,F0989
B021,production,W3,38,F0990
B021,production,W3,39,F0991
B021,production,W3,40,F0992
B021,production,W3,41,F0993
B021,production,W3,42,F0994
B021,production,W3,43,F0995
B021,production,W3,44,F0996
B021,production,W3,45,F0997
B021,production,W3,46,F0998
B021,production,W3,47,F0999
B021,production,W3,48,F1001
B021,production,W3,49,F1002
B021,production,W3,50,F1003
B022,production,W3,1,F1004
B022,production,W3,2,F1005
B022,production,W3,3,F1006
B022,production,W3,4,F1007
B022,production,W3,5,F1008
B022,production,W3,6,F1009
B022,production,W3,7,F1010
B022,production,W3,8,F1011
B022,production,W3,9,F1012
B022,production,W3,10,F1013
B022,production,W3,11,F1014
B022,production,W3,12,F1015
B022,production,W3,13,F1016
B022,production,W3,14,F1017
B022,production,W3,15,F1018
B022,production,W3,16,F1019
B022,production,W3,17,F1020
B022,production,W3,18,F1021
B022,production,W3,19,F1022
B022,production,W3,20,F1023
B022,production,W3,21,F1024
B022,production,W3,22,F1025
B022,production,W3,23,F1026
B022,production,W3,24,F1027
B022,production,W3,25,F1028
B022,production,W3,26,F1029
B022,production,W3,27,F1030
B022,production,W3,28,F1031
B022,production,W3,29,F1032
B022,production,W3,30,F1033
B022,production,W3,31,F1034
B022,production,W3,32,F1035
B022,production,W3,33,F1036
B022,production,W3,34,F1037
B022,production,W3,35,F1039
B022,production,W3,36,F1040
B022,production,W3,37,F1041
B022,production,W3,38,F1042
B022,production,W3,39,F1043
B022,production,W3,40,F1044
B022,production,W3,41,F1045
B022,production,W3,42,F1046
B022,production,W3,43,F1047
B022,production,W3,44,F1048
B022,production,W3,45,F1049
B022,production,W3,46,F1050
B022,production,W3,47,F1051
B022,production,W3,48,F1052
B022,production,W3,49,F1053
B022,production,W3,50,F1054
B023,production,W3,1,F1055
B023,production,W3,2,F1056
B023,production,W3,3,F1057
B023,production,W3,4,F1058
B023,production,W3,5,F1059
B023,production,W3,6,F1060
B023,production,W3,7,F1061
B023,production,W3,8,F1062
B023,production,W3,9,F1064
B023,production,W3,10,F1065
B023,production,W3,11,F1066
B023,production,W3,12,F1067
B023,production,W3,13,F1068
B023,production,W3,14,F1069
B023,production,W3,15,F1070
B023,production,W3,16,F1071
B023,production,W3,17,F1072
B023,production,W3,18,F1073
B023,production,W3,19,F1074
B023,production,W3,20,F1075
B023,production,W3,21,F1076
B023,production,W3,22,F1077
B023,production,W3,23,F1078
B023,production,W3,24,F1079
B023,production,W3,25,F1080
B023,production,W3,26,F1081
B023,production,W3,27,F1082
B023,production,W3,28,F1083
B023,production,W3,29,F1084
B023,production,W3,30,F1085
B023,production,W3,31,F1087
B023,production,W3,32,F1088
B023,production,W3,33,F1089
B023,production,W3,34,F1090
B023,production,W3,35,F1091
B023,production,W3,36,F1092
B023,production,W3,37,F1093
B023,production,W3,38,F1094
B023,production,W3,39,F1095
B023,production,W3,40,F1096
B023,production,W3,41,F1097
B023,production,W3,42,F1098
B023,production,W3,43,F1099
B023,production,W3,44,F1100
B023,production,W3,45,F1101
B023,production,W3,46,F1102
B023,production,W3,47,F1103
B023,production,W3,48,F1104
B023,production,W3,49,F1105
B023,production,W3,50,F1106
B024,production,W3,1,F1107
B024,production,W3,2,F1108
B024,production,W3,3,F1109
B024,production,W3,4,F1110
B024,production,W3,5,F1111
B024,production,W3,6,F1112
B024,production,W3,7,F1113
B024,production,W3,8,F1114
B024,production,W3,9,F1115
B024,production,W3,10,F1116
B024,production,W3,11,F1117
B024,production,W3,12,F1118
B024,production,W3,13,F1119
B024,production,W3,14,F1120
B024,production,W3,15,F1121
B024,production,W3,16,F1122
B024,production,W3,17,F1123
B024,production,W3,18,F1124
B024,production,W3,19,F1125
B024,production,W3,20,F1126
B024,production,W3,21,F1128
B024,production,W3,22,F1129
B024,production,W3,23,F1132
B024,production,W3,24,F1134
B024,production,W3,25,F1135
B024,production,W3,26,F1136
B024,production,W3,27,F1137
B024,production,W3,28,F1138
B024,production,W3,29,F1139
B024,production,W3,30,F1140
B024,production,W3,31,F1141
B024,production,W3,32,F1142
B024,production,W3,33,F1143
B024,production,W3,34,F1144
B024,production,W3,35,F1145
B024,production,W3,36,F1146
B024,production,W3,37,F1147
B024,production,W3,38,F1148
B024,production,W3,39,F1149
B024,production,W3,40,F1150
B024,production,W3,41,F1151
B024,production,W3,42,F1152
B024,production,W3,43,F1153
B024,production,W3,44,F1154
B024,production,W3,45,F1155
B024,production,W3,46,F1156
B024,production,W3,47,F1157
B024,production,W3,48,F1158
B024,production,W3,49,F1159
B024,production,W3,50,F1160
B025,production,W3,1,F1161
B025,production,W3,2,F1162
B025,production,W3,3,F1163
B025,production,W3,4,F1164
B025,production,W3,5,F1165
B025,production,W3,6,F1166
B025,production,W3,7,F1167
B025,production,W3,8,F1168
B025,production,W3,9,F1169
B025,production,W3,10,F1170
B025,production,W3,11,F1171
B025,production,W3,12,F1172
B025,production,W3,13,F1173
B025,production,W3,14,F1174
B025,production,W3,15,F1175
B025,production,W3,16,F1176
B025,production,W3,17,F1177
B025,production,W3,18,F1178
B025,production,W3,19,F1179
B025,production,W3,20,F1180
B025,production,W3,21,F1181
B025,production,W3,22,F1182
B025,production,W3,23,F1184
B025,production,W3,24,F1185
B025,production,W3,25,F1186
B025,production,W3,26,F1187
B025,production,W3,27,F1188
B025,production,W3,28,F1189
B025,production,W3,29,F1190
B025,production,W3,30,F1191
B025,production,W3,31,F1192
B025,production,W3,32,F1193
B025,production,W3,33,F1194
B025,production,W3,34,F1195
B025,production,W3,35,F1196
B025,production,W3,36,F1197
B025,production,W3,37,F1198
B025,production,W3,38,F1199
B025,production,W3,39,F1200
B025,production,W3,40,F1201
B025,production,W3,41,F1203
B025,production,W3,42,F1205
B025,production,W3,43,F1206
B025,production,W3,44,F1207
B025,production,W3,45,F1208
B025,production,W3,46,F1209
B025,production,W3,47,F1210
B025,production,W3,48,F1211
B025,production,W3,49,F1212
B025,production,W3,50,F1213
B026,production,W3,1,F1214
B026,production,W3,2,F1215
B026,production,W3,3,F1216
B026,production,W3,4,F1217
B026,production,W3,5,F1218
B026,production,W3,6,F1220
B026,production,W3,7,F1221
B026,production,W3,8,F1222
B026,production,W3,9,F1223
B026,production,W3,10,F1224
B026,production,W3,11,F1225
B026,production,W3,12,F1226
B026,production,W3,13,F1227
B026,production,W3,14,F1228
B026,production,W3,15,F1229
B026,production,W3,16,F1230
B026,production,W3,17,F1231
B026,production,W3,18,F1232
B026,production,W3,19,F1233
B026,production,W3,20,F1234
B026,production,W3,21,F1235
B026,production,W3,22,F1236
B026,production,W3,23,F1237
B026,production,W3,24,F1238
B026,production,W3,25,F1239
B026,production,W3,26,F1240
B026,production,W3,27,F1241
B026,production,W3,28,F1242
B026,production,W3,29,F1243
B026,production,W3,30,F1244
B026,production,W3,31,F1245
B026,production,W3,32,F1246
B026,production,W3,33,F1247
B026,production,W3,34,F1248
B026,production,W3,35,F1249
B026,production,W3,36,F1250
B026,production,W3,37,F1251
B026,production,W3,38,F1252
B026,production,W3,39,F1253
B026,production,W3,40,F1254
B026,production,W3,41,F1255
B026,production,W3,42,F1256
B026,production,W3,43,F1257
B026,production,W3,44,F1258
B026,production,W3,45,F1259
B026,production,W3,46,F1260
B026,production,W3,47,F1261
B026,production,W3,48,F1262
B026,production,W3,49,F1263
B026,production,W3,50,F1264
B027,production,W3,1,F1266
B027,production,W3,2,F1268
B027,production,W3,3,F1270
B027,production,W3,4,F1271
B027,production,W3,5,F1272
B027,production,W3,6,F1273
B027,production,W3,7,F1274
B027,production,W3,8,F1275
B027,production,W3,9,F1276
B027,production,W3,10,F1277
B027,production,W3,11,F1278
B027,production,W3,12,F1279
B027,production,W3,13,F1280
B027,production,W3,14,F1282
B027,production,W3,15,F1283
B027,production,W3,16,F1284
B027,production,W3,17,F1285
B027,production,W3,18,F1286
B027,production,W3,19,F1287
B027,production,W3,20,F1288
B027,production,W3,21,F1290
B027,production,W3,22,F1291
B027,production,W3,23,F1292
B027,production,W3,24,F1293
B027,production,W3,25,F1294
B027,production,W3,26,F1295
B027,production,W3,27,F1296
B027,production,W3,28,F1297
B027,production,W3,29,F1298
B027,production,W3,30,F1299
B027,production,W3,31,F1300
B027,production,W3,32,F1301
B027,production,W3,33,F1302
B027,production,W3,34,F1303
B027,production,W3,35,F1304
B027,production,W3,36,F1305
B027,production,W3,37,F1306
B027,production,W3,38,F1307
B027,production,W3,39,F1308
B027,production,W3,40,F1309
B027,production,W3,41,F1310
B027,production,W3,42,F1311
B027,production,W3,43,F1312
B027,production,W3,44,F1314
B027,production,W3,45,F1315
B027,production,W3,46,F1316
B027,production,W3,47,F1317
B027,production,W3,48,F1318
B027,production,W3,49,F1320
B027,production,W3,50,F1321
B028,production,W3,1,F1322
B028,production,W3,2,F1323
B028,production,W3,3,F1324
B028,production,W3,4,F1325
B028,production,W3,5,F1326
B028,production,W3,6,F1327
B028,production,W3,7,F1328
B028,production,W3,8,F1329
B028,production,W3,9,F1330
B028,production,W3,10,F1331
B028,production,W3,11,F1332
B028,production,W3,12,F1333
B028,production,W3,13,F1334
B028,production,W3,14,F1335
B028,production,W3,15,F1336
B028,production,W3,16,F1337
B028,production,W3,17,F1338
B028,production,W3,18,F1339
B028,production,W3,19,F1340
B028,production,W3,20,F1341
B028,production,W3,21,F1342
B028,production,W3,22,F1344
B028,production,W3,23,F1345
B028,production,W3,24,F1346
B028,production,W3,25,F1347
B028,production,W3,26,F1348
B028,production,W3,27,F1349
B028,production,W3,28,F1350
B028,production,W3,29,F1351
B028,production,W3,30,F1352
B028,production,W3,31,F1354
B028,production,W3,32,F1355
B028,production,W3,33,F1356
B028,production,W3,34,F1357
B028,production,W3,35,F1358
B028,production,W3,36,F1359
B028,production,W3,37,F1360
B028,production,W3,38,F1361
B028,production,W3,39,F1362
B028,production,W3,40,F1363
B028,production,W3,41,F1364
B028,production,W3,42,F1365
B028,production,W3,43,F1366
B028,production,W3,44,F1368
B028,production,W3,45,F1369
B028,production,W3,46,F1370
B028,production,W3,47,F1371
B028,production,W3,48,F1372
B028,production,W3,49,F1374
B028,production,W3,50,F1375
B029,production,W3,1,F1376
B029,production,W3,2,F1377
B029,production,W3,3,F1378
B029,production,W3,4,F1379
B029,production,W3,5,F1380
B029,production,W3,6,F1381
B029,production,W3,7,F1382
B029,production,W3,8,F1383
B029,production,W3,9,F1384
B029,production,W3,10,F1386
B029,production,W3,11,F1389
B029,production,W3,12,F1390
B029,production,W3,13,F1391
B029,production,W3,14,F1392
B029,production,W3,15,F1393
B029,production,W3,16,F1394
B029,production,W3,17,F1396
B029,production,W3,18,F1397
B029,production,W3,19,F1398
B029,production,W3,20,F1399
B029,production,W3,21,F1400
B029,production,W3,22,F1401
B029,production,W3,23,F1402
B029,production,W3,24,F1403
B029,production,W3,25,F1404
B029,production,W3,26,F1406
B029,production,W3,27,F1407
B029,production,W3,28,F1408
B029,production,W3,29,F1409
B029,production,W3,30,F1410
B029,production,W3,31,F1411
B029,production,W3,32,F1412
B029,production,W3,33,F1413
B029,production,W3,34,F1414
B029,production,W3,35,F1415
B029,production,W3,36,F1416
B029,production,W3,37,F1417
B029,production,W3,38,F1418
B029,production,W3,39,F1419
B029,production,W3,40,F1420
B029,production,W3,41,F1421
B029,production,W3,42,F1422
B029,production,W3,43,F1423
B029,production,W3,44,F1424
B029,production,W3,45,F1425
B029,production,W3,46,F1426
B029,production,W3,47,F1427
B029,production,W3,48,F1428
B029,production,W3,49,F1429
B029,production,W3,50,F1430
B030,production,W4,1,F1431
B030,production,W4,2,F1432
B030,production,W4,3,F1433
B030,production,W4,4,F1434
B030,production,W4,5,F1435
B030,production,W4,6,F1436
B030,production,W4,7,F1437
B030,production,W4,8,F1438
B030,production,W4,9,F1439
B030,production,W4,10,F1440
B030,production,W4,11,F1441
B030,production,W4,12,F1442
B030,production,W4,13,F1443
B030,production,W4,14,F1444
B030,production,W4,15,F1445
B030,production,W4,16,F1446
B030,production,W4,17,F1447
B030,production,W4,18,F1448
B030,production,W4,19,F1449
B030,production,W4,20,F1450
B030,production,W4,21,F1451
B030,production,W4,22,F1452
B030,production,W4,23,F1455
B030,production,W4,24,F1456
B030,production,W4,25,F1457
B030,production,W4,26,F1458
B030,production,W4,27,F1459
B030,production,W4,28,F1460
B030,production,W4,29,F1461
B030,production,W4,30,F1462
B030,production,W4,31,F1463
B030,production,W4,32,F1464
B030,production,W4,33,F1465
B030,production,W4,34,F1466
B030,production,W4,35,F1467
B030,production,W4,36,F1468
B030,production,W4,37,F1469
B030,production,W4,38,F1470
B030,production,W4,39,F1471
B030,production,W4,40,F1472
B030,production,W4,41,F1473
B030,production,W4,42,F1474
B030,production,W4,43,F1475
B030,production,W4,44,F1476
B030,production,W4,45,F1477
B030,production,W4,46,F1478
B030,production,W4,47,F1479
B030,production,W4,48,F1480
B030,production,W4,49,F1481
B030,production,W4,50,F1482
B031,production,W4,1,F1484
B031,production,W4,2,F1485
B031,production,W4,3,F1486
B031,production,W4,4,F1488
B031,production,W4,5,F1489
B031,production,W4,6,F1490
B031,production,W4,7,F1491
B031,production,W4,8,F1492
B031,production,W4,9,F1493
B031,production,W4,10,F1494
B031,production,W4,11,F1495
B031,production,W4,12,F1496
B031,production,W4,13,F1498
B031,production,W4,14,F1499
B031,production,W4,15,F1500
B031,production,W4,16,F1501
B031,production,W4,17,F1502
B031,production,W4,18,F1503
B031,production,W4,19,F1504
B031,production,W4,20,F1507
B031,production,W4,21,F1508
B031,production,W4,22,F1509
B031,production,W4,23,F1510
B031,production,W4,24,F1511
B031,production,W4,25,F1512
B031,production,W4,26,F1513
B031,production,W4,27,F1514
B031,production,W4,28,F1515
B031,production,W4,29,F1516
B031,production,W4,30,F1517
B031,production,W4,31,F1518
B031,production,W4,32,F1519
B031,production,W4,33,F1520
B031,production,W4,34,F1522
B031,production,W4,35,F1523
B031,production,W4,36,F1524
B031,production,W4,37,F1525
B031,production,W4,38,F1526
B031,production,W4,39,F1527
B031,production,W4,40,F1528
B031,production,W4,41,F1529
B031,production,W4,42,F1530
B031,production,W4,43,F1531
B031,production,W4,44,F1532
B031,production,W4,45,F1533
B031,production,W4,46,F1534
B031,production,W4,47,F1535
B031,production,W4,48,F1536
B031,production,W4,49,F1537
B031,production,W4,50,F1538
B032,production,W4,1,F1539
B032,production,W4,2,F1540
B032,production,W4,3,F1541
B032,production,W4,4,F1542
B032,production,W4,5,F1543
B032,production,W4,6,F1544
B032,production,W4,7,F1545
B032,production,W4,8,F1546
B032,production,W4,9,F1547
B032,production,W4,10,F1548
B032,production,W4,11,F1549
B032,production,W4,12,F1550
B032,production,W4,13,F1551
B032,production,W4,14,F1552
B032,production,W4,15,F1553
B032,production,W4,16,F1554
B032,production,W4,17,F1555
B032,production,W4,18,F1556
B032,production,W4,19,F1557
B032,production,W4,20,F1558
B032,production,W4,21,F1559
B032,production,W4,22,F1560
B032,production,W4,23,F1561
B032,production,W4,24,F1562
B032,production,W4,25,F1563
B032,production,W4,26,F1564
B032,production,W4,27,F1565
B032,production,W4,28,F1566
B032,production,W4,29,F1567
B032,production,W4,30,F1568
B032,production,W4,31,F1569
B032,production,W4,32,F1570
B032,production,W4,33,F1571
B032,production,W4,34,F1572
B032,production,W4,35,F1573
B032,production,W4,36,F1574
B032,production,W4,37,F1575
B032,production,W4,38,F1576
B032,production,W4,39,F1577
B032,production,W4,40,F1578
B032,production,W4,41,F1579
B032,production,W4,42,F1580
B032,production,W4,43,F1581
B032,production,W4,44,F1582
B032,production,W4,45,F1583
B032,production,W4,46,F1584
B032,production,W4,47,F1585
B032,production,W4,48,F1586
B032,production,W4,49,F1587
B032,production,W4,50,F1588
B033,production,W4,1,F1589
B033,production,W4,2,F1590
B033,production,W4,3,F1593
B033,production,W4,4,F1594
B033,production,W4,5,F1595
B033,production,W4,6,F1596
B033,production,W4,7,F1597
B033,production,W4,8,F1598
B033,production,W4,9,F1599
B033,production,W4,10,F1600
B033,production,W4,11,F1601
B033,production,W4,12,F1602
B033,production,W4,13,F1603
B033,production,W4,14,F1604
B033,production,W4,15,F1605
B033,production,W4,16,F1606
B033,production,W4,17,F1607
B033,production,W4,18,F1608
B033,production,W4,19,F1610
B033,production,W4,20,F1611
B033,production,W4,21,F1612
B033,production,W4,22,F1613
B033,production,W4,23,F1614
B033,production,W4,24,F1615
B033,production,W4,25,F1616
B033,production,W4,26,F1617
B033,production,W4,27,F1618
B033,production,W4,28,F1619
B033,production,W4,29,F1620
B033,production,W4,30,F1621
B033,production,W4,31,F1622
B033,production,W4,32,F1623
B033,production,W4,33,F1624
B033,production,W4,34,F1625
B033,production,W4,35,F1626
B033,production,W4,36,F1627
B033,production,W4,37,F1628
B033,production,W4,38,F1629
B033,production,W4,39,F1630
B033,production,W4,40,F1631
B033,production,W4,41,F1632
B033,production,W4,42,F1633
B033,production,W4,43,F1634
B033,production,W4,44,F1635
B033,production,W4,45,F1636
B033,production,W4,46,F1638
B033,production,W4,47,F1639
B033,production,W4,48,F1640
B033,production,W4,49,F1641
B033,production,W4,50,F1643
B034,production,W4,1,F1644
B034,production,W4,2,F1645
B034,production,W4,3,F1646
B034,production,W4,4,F1647
B034,production,W4,5,F1648
B034,production,W4,6,F1649
B034,production,W4,7,F1650
B034,production,W4,8,F1651
B034,production,W4,9,F1652
B034,production,W4,10,F1653
B034,production,W4,11,F1654
B034,production,W4,12,F1655
B034,production,W4,13,F1656
B034,production,W4,14,F1657
B034,production,W4,15,F1658
B034,production,W4,16,F1659
B034,production,W4,17,F1660
B034,production,W4,18,F1661
B034,production,W4,19,F1662
B034,production,W4,20,F1663
B034,production,W4,21,F1664
B034,production,W4,22,F1665
B034,production,W4,23,F1666
B034,production,W4,24,F1667
B034,production,W4,25,F1668
B034,production,W4,26,F1669
B034,production,W4,27,F1671
B034,production,W4,28,F1672
B034,production,W4,29,F1673
B034,production,W4,30,F1674
B034,production,W4,31,F1675
B034,production,W4,32,F1676
B034,production,W4,33,F1677
B034,production,W4,34,F1678
B034,production,W4,35,F1679
B034,production,W4,36,F1680
B034,production,W4,37,F1681
B034,production,W4,38,F1682
B034,production,W4,39,F1683
B034,production,W4,40,F1684
B034,production,W4,41,F1685
B034,production,W4,42,F1686
B034,production,W4,43,F1687
B034,production,W4,44,F1688
B034,production,W4,45,F1689
B034,production,W4,46,F1690
B034,production,W4,47,F1691
B034,production,W4,48,F1692
B034,production,W4,49,F1693
B034,production,W4,50,F1694
B035,production,W4,1,F1695
B035,production,W4,2,F1696
B035,production,W4,3,F1697
B035,production,W4,4,F1698
B035,production,W4,5,F1699
B035,production,W4,6,F1700
B035,production,W4,7,F1701
B035,production,W4,8,F1702
B035,production,W4,9,F1703
B035,production,W4,10,F1704
B035,production,W4,11,F1705
B035,production,W4,12,F1706
B035,production,W4,13,F1707
B035,production,W4,14,F1708
B035,production,W4,15,F1709
B035,production,W4,16,F1710
B035,production,W4,17,F1711
B035,production,W4,18,F1712
B035,production,W4,19,F1713
B035,production,W4,20,F1714
B035,production,W4,21,F1715
B035,production,W4,22,F1716
B035,production,W4,23,F1717
B035,production,W4,24,F1718
B035,production,W4,25,F1720
B035,production,W4,26,F1721
B035,production,W4,27,F1723
B035,production,W4,28,F1724
B035,production,W4,29,F1725
B035,production,W4,30,F1726
B035,production,W4,31,F1727
B035,production,W4,32,F1728
B035,production,W4,33,F1729
B035,production,W4,34,F1730
B035,production,W4,35,F1731
B035,production,W4,36,F1732
B035,production,W4,37,F1733
B035,production,W4,38,F1734
B035,production,W4,39,F1735
B035,production,W4,40,F1736
B035,production,W4,41,F1737
B035,production,W4,42,F1738
B035,production,W4,43,F1739
B035,production,W4,44,F1740
B035,production,W4,45,F1741
B035,production,W4,46,F1742
B035,production,W4,47,F1743
B035,production,W4,48,F1744
B035,production,W4,49,F1746
B035,production,W4,50,F1747
B036,production,W4,1,F1748
B036,production,W4,2,F1749
B036,production,W4,3,F1750
B036,production,W4,4,F1751
B036,production,W4,5,F1752
B036,production,W4,6,F1753
B036,production,W4,7,F1754
B036,production,W4,8,F1755
B036,production,W4,9,F1756
B036,production,W4,10,F1757
B036,production,W4,11,F1758
B036,production,W4,12,F1759
B036,production,W4,13,F1760
B036,production,W4,14,F1761
B036,production,W4,15,F1762
B036,production,W4,16,F1763
B036,production,W4,17,F1764
B036,production,W4,18,F1765
B036,production,W4,19,F1766
B036,production,W4,20,F1767
B036,production,W4,21,F1768
B036,production,W4,22,F1769
B036,production,W4,23,F1770
B036,production,W4,24,F1771
B036,production,W4,25,F1772
B036,production,W4,26,F1774
B036,production,W4,27,F1775
B036,production,W4,28,F1776
B036,production,W4,29,F1777
B036,production,W4,30,F1778
B036,production,W4,31,F1779
B036,production,W4,32,F1780
B036,production,W4,33,F1781
B036,production,W4,34,F1782
B036,production,W4,35,F1783
B036,production,W4,36,F1784
B036,production,W4,37,F1785
B036,production,W4,38,F1786
B036,production,W4,39,F1787
B036,production,W4,40,F1788
B036,production,W4,41,F1790
B036,production,W4,42,F1791
B036,production,W4,43,F1792
B036,production,W4,44,F1793
B036,production,W4,45,F1794
B036,production,W4,46,F1795
B036,production,W4,47,F1796
B036,production,W4,48,F1797
B036,production,W4,49,F1798
B036,production,W4,50,F1799
